file,line,type,commit,author,date,time,timezone,datetime,depth,length
style.css,1,css,86a818e8,kylechoi101,2025-04-10,17:00:20,-07:00,2025-04-10T17:00:20-07:00,0,6
style.css,2,css,86a818e8,kylechoi101,2025-04-10,17:00:20,-07:00,2025-04-10T17:00:20-07:00,0,33
style.css,3,css,86a818e8,kylechoi101,2025-04-10,17:00:20,-07:00,2025-04-10T17:00:20-07:00,0,0
style.css,4,css,86a818e8,kylechoi101,2025-04-10,17:00:20,-07:00,2025-04-10T17:00:20-07:00,0,0
style.css,5,css,86a818e8,kylechoi101,2025-04-10,17:00:20,-07:00,2025-04-10T17:00:20-07:00,0,5
style.css,6,css,86a818e8,kylechoi101,2025-04-10,17:00:20,-07:00,2025-04-10T17:00:20-07:00,0,33
style.css,7,css,2d71e601,kylechoi101,2025-04-18,15:15:12,-07:00,2025-04-18T15:15:12-07:00,0,24
style.css,8,css,2d71e601,kylechoi101,2025-04-18,15:15:12,-07:00,2025-04-18T15:15:12-07:00,0,24
style.css,9,css,2d71e601,kylechoi101,2025-04-18,15:15:12,-07:00,2025-04-18T15:15:12-07:00,0,17
style.css,10,css,4d314ce9,kylechoi101,2025-04-25,13:36:38,-07:00,2025-04-25T13:36:38-07:00,0,30
style.css,11,css,86a818e8,kylechoi101,2025-04-10,17:00:20,-07:00,2025-04-10T17:00:20-07:00,0,0
style.css,12,css,86a818e8,kylechoi101,2025-04-10,17:00:20,-07:00,2025-04-10T17:00:20-07:00,0,0
style.css,13,css,3384b523,kylechoi101,2025-04-02,16:12:32,-07:00,2025-04-02T16:12:32-07:00,0,5
style.css,14,css,86a818e8,kylechoi101,2025-04-10,17:00:20,-07:00,2025-04-10T17:00:20-07:00,0,24
style.css,15,css,86a818e8,kylechoi101,2025-04-10,17:00:20,-07:00,2025-04-10T17:00:20-07:00,0,16
style.css,16,css,86a818e8,kylechoi101,2025-04-10,17:00:20,-07:00,2025-04-10T17:00:20-07:00,0,43
style.css,17,css,86a818e8,kylechoi101,2025-04-10,17:00:20,-07:00,2025-04-10T17:00:20-07:00,0,0
style.css,18,css,28494fd8,kylechoi101,2025-04-11,20:26:17,-07:00,2025-04-11T20:26:17-07:00,0,10
style.css,19,css,adf03e2d,kylechoi101,2025-04-18,13:10:27,-07:00,2025-04-18T13:10:27-07:00,0,15
style.css,20,css,28494fd8,kylechoi101,2025-04-11,20:26:17,-07:00,2025-04-11T20:26:17-07:00,0,16
style.css,21,css,28494fd8,kylechoi101,2025-04-11,20:26:17,-07:00,2025-04-11T20:26:17-07:00,0,18
style.css,22,css,28494fd8,kylechoi101,2025-04-11,20:26:17,-07:00,2025-04-11T20:26:17-07:00,0,0
style.css,23,css,adf03e2d,kylechoi101,2025-04-18,13:10:27,-07:00,2025-04-18T13:10:27-07:00,0,11
style.css,24,css,d28890d3,kylechoi101,2025-04-12,10:07:27,-07:00,2025-04-12T10:07:27-07:00,0,15
style.css,25,css,d28890d3,kylechoi101,2025-04-12,10:07:27,-07:00,2025-04-12T10:07:27-07:00,0,12
style.css,26,css,d28890d3,kylechoi101,2025-04-12,10:07:27,-07:00,2025-04-12T10:07:27-07:00,0,18
style.css,27,css,d28890d3,kylechoi101,2025-04-12,10:07:27,-07:00,2025-04-12T10:07:27-07:00,0,17
style.css,28,css,d28890d3,kylechoi101,2025-04-12,10:07:27,-07:00,2025-04-12T10:07:27-07:00,0,0
style.css,29,css,28494fd8,kylechoi101,2025-04-11,20:26:17,-07:00,2025-04-11T20:26:17-07:00,0,0
style.css,30,css,adf03e2d,kylechoi101,2025-04-18,13:10:27,-07:00,2025-04-18T13:10:27-07:00,0,23
style.css,31,css,adf03e2d,kylechoi101,2025-04-18,13:10:27,-07:00,2025-04-18T13:10:27-07:00,0,16
style.css,32,css,adf03e2d,kylechoi101,2025-04-18,13:10:27,-07:00,2025-04-18T13:10:27-07:00,0,18
style.css,33,css,adf03e2d,kylechoi101,2025-04-18,13:10:27,-07:00,2025-04-18T13:10:27-07:00,0,0
style.css,34,css,adf03e2d,kylechoi101,2025-04-18,13:10:27,-07:00,2025-04-18T13:10:27-07:00,0,0
style.css,35,css,adf03e2d,kylechoi101,2025-04-18,13:10:27,-07:00,2025-04-18T13:10:27-07:00,0,0
style.css,36,css,86a818e8,kylechoi101,2025-04-10,17:00:20,-07:00,2025-04-10T17:00:20-07:00,0,4
style.css,37,css,86a818e8,kylechoi101,2025-04-10,17:00:20,-07:00,2025-04-10T17:00:20-07:00,0,18
style.css,38,css,86a818e8,kylechoi101,2025-04-10,17:00:20,-07:00,2025-04-10T17:00:20-07:00,0,13
style.css,39,css,86a818e8,kylechoi101,2025-04-10,17:00:20,-07:00,2025-04-10T17:00:20-07:00,0,42
style.css,40,css,86a818e8,kylechoi101,2025-04-10,17:00:20,-07:00,2025-04-10T17:00:20-07:00,0,0
style.css,41,css,86a818e8,kylechoi101,2025-04-10,17:00:20,-07:00,2025-04-10T17:00:20-07:00,0,0
style.css,42,css,86a818e8,kylechoi101,2025-04-10,17:00:20,-07:00,2025-04-10T17:00:20-07:00,0,8
style.css,43,css,86a818e8,kylechoi101,2025-04-10,17:00:20,-07:00,2025-04-10T17:00:20-07:00,0,14
style.css,44,css,86a818e8,kylechoi101,2025-04-10,17:00:20,-07:00,2025-04-10T17:00:20-07:00,0,7
style.css,45,css,86a818e8,kylechoi101,2025-04-10,17:00:20,-07:00,2025-04-10T17:00:20-07:00,0,18
style.css,46,css,86a818e8,kylechoi101,2025-04-10,17:00:20,-07:00,2025-04-10T17:00:20-07:00,0,14
style.css,47,css,86a818e8,kylechoi101,2025-04-10,17:00:20,-07:00,2025-04-10T17:00:20-07:00,0,21
style.css,48,css,86a818e8,kylechoi101,2025-04-10,17:00:20,-07:00,2025-04-10T17:00:20-07:00,0,0
style.css,49,css,86a818e8,kylechoi101,2025-04-10,17:00:20,-07:00,2025-04-10T17:00:20-07:00,0,0
style.css,50,css,86a818e8,kylechoi101,2025-04-10,17:00:20,-07:00,2025-04-10T17:00:20-07:00,0,16
style.css,51,css,86a818e8,kylechoi101,2025-04-10,17:00:20,-07:00,2025-04-10T17:00:20-07:00,0,44
style.css,52,css,86a818e8,kylechoi101,2025-04-10,17:00:20,-07:00,2025-04-10T17:00:20-07:00,0,21
style.css,53,css,6e771d64,kylechoi101,2025-04-10,17:04:12,-07:00,2025-04-10T17:04:12-07:00,0,17
style.css,54,css,86a818e8,kylechoi101,2025-04-10,17:00:20,-07:00,2025-04-10T17:00:20-07:00,0,0
style.css,55,css,86a818e8,kylechoi101,2025-04-10,17:00:20,-07:00,2025-04-10T17:00:20-07:00,0,0
style.css,56,css,86a818e8,kylechoi101,2025-04-10,17:00:20,-07:00,2025-04-10T17:00:20-07:00,0,14
style.css,57,css,86a818e8,kylechoi101,2025-04-10,17:00:20,-07:00,2025-04-10T17:00:20-07:00,0,46
style.css,58,css,86a818e8,kylechoi101,2025-04-10,17:00:20,-07:00,2025-04-10T17:00:20-07:00,0,21
style.css,59,css,2d71e601,kylechoi101,2025-04-18,15:15:12,-07:00,2025-04-18T15:15:12-07:00,0,70
style.css,60,css,86a818e8,kylechoi101,2025-04-10,17:00:20,-07:00,2025-04-10T17:00:20-07:00,0,0
style.css,61,css,d2c50374,kylechoi101,2025-04-10,19:22:58,-07:00,2025-04-10T19:22:58-07:00,0,0
style.css,62,css,693234d8,kylechoi101,2025-04-10,18:58:33,-07:00,2025-04-10T18:58:33-07:00,0,5
style.css,63,css,693234d8,kylechoi101,2025-04-10,18:58:33,-07:00,2025-04-10T18:58:33-07:00,0,13
style.css,64,css,adf03e2d,kylechoi101,2025-04-18,13:10:27,-07:00,2025-04-18T13:10:27-07:00,0,81
style.css,65,css,693234d8,kylechoi101,2025-04-10,18:58:33,-07:00,2025-04-10T18:58:33-07:00,0,8
style.css,66,css,20f49735,kylechoi101,2025-04-10,19:14:18,-07:00,2025-04-10T19:14:18-07:00,0,0
style.css,67,css,693234d8,kylechoi101,2025-04-10,18:58:33,-07:00,2025-04-10T18:58:33-07:00,0,0
style.css,68,css,adf03e2d,kylechoi101,2025-04-18,13:10:27,-07:00,2025-04-18T13:10:27-07:00,0,53
style.css,69,css,20f49735,kylechoi101,2025-04-10,19:14:18,-07:00,2025-04-10T19:14:18-07:00,0,13
style.css,70,css,9661c92a,kylechoi101,2025-04-10,20:18:14,-07:00,2025-04-10T20:18:14-07:00,0,13
style.css,71,css,9661c92a,kylechoi101,2025-04-10,20:18:14,-07:00,2025-04-10T20:18:14-07:00,0,30
style.css,72,css,adf03e2d,kylechoi101,2025-04-18,13:10:27,-07:00,2025-04-18T13:10:27-07:00,0,19
style.css,73,css,adf03e2d,kylechoi101,2025-04-18,13:10:27,-07:00,2025-04-18T13:10:27-07:00,0,11
style.css,74,css,adf03e2d,kylechoi101,2025-04-18,13:10:27,-07:00,2025-04-18T13:10:27-07:00,0,0
style.css,75,css,4f14aa70,kylechoi101,2025-04-10,17:15:53,-07:00,2025-04-10T17:15:53-07:00,0,0
style.css,76,css,693234d8,kylechoi101,2025-04-10,18:58:33,-07:00,2025-04-10T18:58:33-07:00,0,0
style.css,77,css,adf03e2d,kylechoi101,2025-04-18,13:10:27,-07:00,2025-04-18T13:10:27-07:00,0,41
style.css,78,css,2556e935,kylechoi101,2025-04-10,20:01:00,-07:00,2025-04-10T20:01:00-07:00,0,12
style.css,79,css,2556e935,kylechoi101,2025-04-10,20:01:00,-07:00,2025-04-10T20:01:00-07:00,0,16
style.css,80,css,693234d8,kylechoi101,2025-04-10,18:58:33,-07:00,2025-04-10T18:58:33-07:00,0,13
style.css,81,css,1e563042,kylechoi101,2025-04-10,19:37:14,-07:00,2025-04-10T19:37:14-07:00,0,12
style.css,82,css,9661c92a,kylechoi101,2025-04-10,20:18:14,-07:00,2025-04-10T20:18:14-07:00,0,19
style.css,83,css,1e563042,kylechoi101,2025-04-10,19:37:14,-07:00,2025-04-10T19:37:14-07:00,0,11
style.css,84,css,b5f20b77,kylechoi101,2025-04-10,19:21:16,-07:00,2025-04-10T19:21:16-07:00,0,0
style.css,85,css,b5f20b77,kylechoi101,2025-04-10,19:21:16,-07:00,2025-04-10T19:21:16-07:00,0,0
style.css,86,css,adf03e2d,kylechoi101,2025-04-18,13:10:27,-07:00,2025-04-18T13:10:27-07:00,0,56
style.css,87,css,b5f20b77,kylechoi101,2025-04-10,19:21:16,-07:00,2025-04-10T19:21:16-07:00,0,14
style.css,88,css,b5f20b77,kylechoi101,2025-04-10,19:21:16,-07:00,2025-04-10T19:21:16-07:00,0,13
style.css,89,css,adf03e2d,kylechoi101,2025-04-18,13:10:27,-07:00,2025-04-18T13:10:27-07:00,0,60
style.css,90,css,adf03e2d,kylechoi101,2025-04-18,13:10:27,-07:00,2025-04-18T13:10:27-07:00,0,67
style.css,91,css,adf03e2d,kylechoi101,2025-04-18,13:10:27,-07:00,2025-04-18T13:10:27-07:00,0,64
style.css,92,css,b5f20b77,kylechoi101,2025-04-10,19:21:16,-07:00,2025-04-10T19:21:16-07:00,0,0
style.css,93,css,7a884955,kylechoi101,2025-04-11,16:45:00,-07:00,2025-04-11T16:45:00-07:00,0,10
style.css,94,css,ea926a5d,kylechoi101,2025-04-10,20:10:13,-07:00,2025-04-10T20:10:13-07:00,0,13
style.css,95,css,2e25c36c,kylechoi101,2025-04-25,16:04:12,-07:00,2025-04-25T16:04:12-07:00,0,67
style.css,96,css,f5a31b26,kylechoi101,2025-04-11,20:20:55,-07:00,2025-04-11T20:20:55-07:00,0,59
style.css,97,css,42724aa0,kylechoi101,2025-04-11,17:04:57,-07:00,2025-04-11T17:04:57-07:00,0,8
style.css,98,css,ea926a5d,kylechoi101,2025-04-10,20:10:13,-07:00,2025-04-10T20:10:13-07:00,0,0
style.css,99,css,2e25c36c,kylechoi101,2025-04-25,16:04:12,-07:00,2025-04-25T16:04:12-07:00,0,0
style.css,100,css,2e25c36c,kylechoi101,2025-04-25,16:04:12,-07:00,2025-04-25T16:04:12-07:00,0,20
style.css,101,css,2e25c36c,kylechoi101,2025-04-25,16:04:12,-07:00,2025-04-25T16:04:12-07:00,0,67
style.css,102,css,2e25c36c,kylechoi101,2025-04-25,16:04:12,-07:00,2025-04-25T16:04:12-07:00,0,13
style.css,103,css,2e25c36c,kylechoi101,2025-04-25,16:04:12,-07:00,2025-04-25T16:04:12-07:00,0,22
style.css,104,css,2e25c36c,kylechoi101,2025-04-25,16:04:12,-07:00,2025-04-25T16:04:12-07:00,0,19
style.css,105,css,2e25c36c,kylechoi101,2025-04-25,16:04:12,-07:00,2025-04-25T16:04:12-07:00,0,8
style.css,106,css,2e25c36c,kylechoi101,2025-04-25,16:04:12,-07:00,2025-04-25T16:04:12-07:00,0,33
style.css,107,css,2e25c36c,kylechoi101,2025-04-25,16:04:12,-07:00,2025-04-25T16:04:12-07:00,0,22
style.css,108,css,ea926a5d,kylechoi101,2025-04-10,20:10:13,-07:00,2025-04-10T20:10:13-07:00,0,0
style.css,109,css,2e25c36c,kylechoi101,2025-04-25,16:04:12,-07:00,2025-04-25T16:04:12-07:00,0,0
style.css,110,css,2e25c36c,kylechoi101,2025-04-25,16:04:12,-07:00,2025-04-25T16:04:12-07:00,0,24
style.css,111,css,2e25c36c,kylechoi101,2025-04-25,16:04:12,-07:00,2025-04-25T16:04:12-07:00,0,53
style.css,112,css,2e25c36c,kylechoi101,2025-04-25,16:04:12,-07:00,2025-04-25T16:04:12-07:00,0,11
style.css,113,css,2e25c36c,kylechoi101,2025-04-25,16:04:12,-07:00,2025-04-25T16:04:12-07:00,0,76
style.css,114,css,2e25c36c,kylechoi101,2025-04-25,16:04:12,-07:00,2025-04-25T16:04:12-07:00,0,12
style.css,115,css,2e25c36c,kylechoi101,2025-04-25,16:04:12,-07:00,2025-04-25T16:04:12-07:00,0,14
style.css,116,css,2e25c36c,kylechoi101,2025-04-25,16:04:12,-07:00,2025-04-25T16:04:12-07:00,0,0
style.css,117,css,2e25c36c,kylechoi101,2025-04-25,16:04:12,-07:00,2025-04-25T16:04:12-07:00,0,0
style.css,118,css,2e25c36c,kylechoi101,2025-04-25,16:04:12,-07:00,2025-04-25T16:04:12-07:00,0,15
style.css,119,css,9661c92a,kylechoi101,2025-04-10,20:18:14,-07:00,2025-04-10T20:18:14-07:00,0,9
style.css,120,css,c787b88a,kylechoi101,2025-04-12,09:50:43,-07:00,2025-04-12T09:50:43-07:00,0,0
style.css,121,css,c787b88a,kylechoi101,2025-04-12,09:50:43,-07:00,2025-04-12T09:50:43-07:00,0,0
style.css,122,css,c787b88a,kylechoi101,2025-04-12,09:50:43,-07:00,2025-04-12T09:50:43-07:00,0,10
style.css,123,css,c787b88a,kylechoi101,2025-04-12,09:50:43,-07:00,2025-04-12T09:50:43-07:00,0,11
style.css,124,css,c787b88a,kylechoi101,2025-04-12,09:50:43,-07:00,2025-04-12T09:50:43-07:00,0,21
style.css,125,css,c787b88a,kylechoi101,2025-04-12,09:50:43,-07:00,2025-04-12T09:50:43-07:00,0,13
style.css,126,css,f5f249d5,kylechoi101,2025-04-12,09:57:51,-07:00,2025-04-12T09:57:51-07:00,0,26
style.css,127,css,c787b88a,kylechoi101,2025-04-12,09:50:43,-07:00,2025-04-12T09:50:43-07:00,0,10
style.css,128,css,c787b88a,kylechoi101,2025-04-12,09:50:43,-07:00,2025-04-12T09:50:43-07:00,0,18
style.css,129,css,c787b88a,kylechoi101,2025-04-12,09:50:43,-07:00,2025-04-12T09:50:43-07:00,0,0
style.css,130,css,c787b88a,kylechoi101,2025-04-12,09:50:43,-07:00,2025-04-12T09:50:43-07:00,0,0
style.css,131,css,adf03e2d,kylechoi101,2025-04-18,13:10:27,-07:00,2025-04-18T13:10:27-07:00,0,35
style.css,132,css,c787b88a,kylechoi101,2025-04-12,09:50:43,-07:00,2025-04-12T09:50:43-07:00,0,15
style.css,133,css,c787b88a,kylechoi101,2025-04-12,09:50:43,-07:00,2025-04-12T09:50:43-07:00,0,16
style.css,134,css,c787b88a,kylechoi101,2025-04-12,09:50:43,-07:00,2025-04-12T09:50:43-07:00,0,26
style.css,135,css,c787b88a,kylechoi101,2025-04-12,09:50:43,-07:00,2025-04-12T09:50:43-07:00,0,9
style.css,136,css,c787b88a,kylechoi101,2025-04-12,09:50:43,-07:00,2025-04-12T09:50:43-07:00,0,0
style.css,137,css,c787b88a,kylechoi101,2025-04-12,09:50:43,-07:00,2025-04-12T09:50:43-07:00,0,0
style.css,138,css,adf03e2d,kylechoi101,2025-04-18,13:10:27,-07:00,2025-04-18T13:10:27-07:00,0,40
style.css,139,css,c787b88a,kylechoi101,2025-04-12,09:50:43,-07:00,2025-04-12T09:50:43-07:00,0,20
style.css,140,css,c787b88a,kylechoi101,2025-04-12,09:50:43,-07:00,2025-04-12T09:50:43-07:00,0,21
style.css,141,css,c787b88a,kylechoi101,2025-04-12,09:50:43,-07:00,2025-04-12T09:50:43-07:00,0,31
style.css,142,css,c787b88a,kylechoi101,2025-04-12,09:50:43,-07:00,2025-04-12T09:50:43-07:00,0,27
style.css,143,css,f5f249d5,kylechoi101,2025-04-12,09:57:51,-07:00,2025-04-12T09:57:51-07:00,0,16
style.css,144,css,c787b88a,kylechoi101,2025-04-12,09:50:43,-07:00,2025-04-12T09:50:43-07:00,0,10
style.css,145,css,c787b88a,kylechoi101,2025-04-12,09:50:43,-07:00,2025-04-12T09:50:43-07:00,0,17
style.css,146,css,c787b88a,kylechoi101,2025-04-12,09:50:43,-07:00,2025-04-12T09:50:43-07:00,0,42
style.css,147,css,c787b88a,kylechoi101,2025-04-12,09:50:43,-07:00,2025-04-12T09:50:43-07:00,0,0
style.css,148,css,adf03e2d,kylechoi101,2025-04-18,13:10:27,-07:00,2025-04-18T13:10:27-07:00,0,0
style.css,149,css,adf03e2d,kylechoi101,2025-04-18,13:10:27,-07:00,2025-04-18T13:10:27-07:00,0,32
style.css,150,css,adf03e2d,kylechoi101,2025-04-18,13:10:27,-07:00,2025-04-18T13:10:27-07:00,0,12
style.css,151,css,adf03e2d,kylechoi101,2025-04-18,13:10:27,-07:00,2025-04-18T13:10:27-07:00,0,15
style.css,152,css,adf03e2d,kylechoi101,2025-04-18,13:10:27,-07:00,2025-04-18T13:10:27-07:00,0,12
style.css,153,css,adf03e2d,kylechoi101,2025-04-18,13:10:27,-07:00,2025-04-18T13:10:27-07:00,0,18
style.css,154,css,adf03e2d,kylechoi101,2025-04-18,13:10:27,-07:00,2025-04-18T13:10:27-07:00,0,17
style.css,155,css,adf03e2d,kylechoi101,2025-04-18,13:10:27,-07:00,2025-04-18T13:10:27-07:00,0,0
style.css,156,css,2d71e601,kylechoi101,2025-04-18,15:15:12,-07:00,2025-04-18T15:15:12-07:00,0,5
style.css,157,css,2d71e601,kylechoi101,2025-04-18,15:15:12,-07:00,2025-04-18T15:15:12-07:00,0,14
style.css,158,css,2d71e601,kylechoi101,2025-04-18,15:15:12,-07:00,2025-04-18T15:15:12-07:00,0,12
style.css,159,css,2d71e601,kylechoi101,2025-04-18,15:15:12,-07:00,2025-04-18T15:15:12-07:00,0,18
style.css,160,css,2d71e601,kylechoi101,2025-04-18,15:15:12,-07:00,2025-04-18T15:15:12-07:00,0,17
style.css,161,css,2d71e601,kylechoi101,2025-04-18,15:15:12,-07:00,2025-04-18T15:15:12-07:00,0,0
style.css,162,css,98efae92,kylechoi101,2025-04-18,16:05:00,-07:00,2025-04-18T16:05:00-07:00,0,0
style.css,163,css,98efae92,kylechoi101,2025-04-18,16:05:00,-07:00,2025-04-18T16:05:00-07:00,0,32
style.css,164,css,98efae92,kylechoi101,2025-04-18,16:05:00,-07:00,2025-04-18T16:05:00-07:00,0,19
style.css,165,css,98efae92,kylechoi101,2025-04-18,16:05:00,-07:00,2025-04-18T16:05:00-07:00,0,70
style.css,166,css,98efae92,kylechoi101,2025-04-18,16:05:00,-07:00,2025-04-18T16:05:00-07:00,0,19
style.css,167,css,98efae92,kylechoi101,2025-04-18,16:05:00,-07:00,2025-04-18T16:05:00-07:00,0,67
style.css,168,css,98efae92,kylechoi101,2025-04-18,16:05:00,-07:00,2025-04-18T16:05:00-07:00,0,80
style.css,169,css,d196a954,kylechoi101,2025-04-18,16:46:01,-07:00,2025-04-18T16:46:01-07:00,0,58
style.css,170,css,98efae92,kylechoi101,2025-04-18,16:05:00,-07:00,2025-04-18T16:05:00-07:00,0,67
style.css,171,css,d196a954,kylechoi101,2025-04-18,16:46:01,-07:00,2025-04-18T16:46:01-07:00,0,18
style.css,172,css,d196a954,kylechoi101,2025-04-18,16:46:01,-07:00,2025-04-18T16:46:01-07:00,0,9
style.css,173,css,d196a954,kylechoi101,2025-04-18,16:46:01,-07:00,2025-04-18T16:46:01-07:00,0,11
style.css,174,css,98efae92,kylechoi101,2025-04-18,16:05:00,-07:00,2025-04-18T16:05:00-07:00,0,0
style.css,175,css,98efae92,kylechoi101,2025-04-18,16:05:00,-07:00,2025-04-18T16:05:00-07:00,0,0
style.css,176,css,98efae92,kylechoi101,2025-04-18,16:05:00,-07:00,2025-04-18T16:05:00-07:00,0,33
style.css,177,css,98efae92,kylechoi101,2025-04-18,16:05:00,-07:00,2025-04-18T16:05:00-07:00,0,28
style.css,178,css,98efae92,kylechoi101,2025-04-18,16:05:00,-07:00,2025-04-18T16:05:00-07:00,0,61
style.css,179,css,98efae92,kylechoi101,2025-04-18,16:05:00,-07:00,2025-04-18T16:05:00-07:00,0,47
style.css,180,css,98efae92,kylechoi101,2025-04-18,16:05:00,-07:00,2025-04-18T16:05:00-07:00,0,35
style.css,181,css,98efae92,kylechoi101,2025-04-18,16:05:00,-07:00,2025-04-18T16:05:00-07:00,0,18
style.css,182,css,98efae92,kylechoi101,2025-04-18,16:05:00,-07:00,2025-04-18T16:05:00-07:00,0,58
style.css,183,css,98efae92,kylechoi101,2025-04-18,16:05:00,-07:00,2025-04-18T16:05:00-07:00,0,54
style.css,184,css,98efae92,kylechoi101,2025-04-18,16:05:00,-07:00,2025-04-18T16:05:00-07:00,0,0
style.css,185,css,98efae92,kylechoi101,2025-04-18,16:05:00,-07:00,2025-04-18T16:05:00-07:00,0,0
style.css,186,css,98efae92,kylechoi101,2025-04-18,16:05:00,-07:00,2025-04-18T16:05:00-07:00,0,54
style.css,187,css,98efae92,kylechoi101,2025-04-18,16:05:00,-07:00,2025-04-18T16:05:00-07:00,0,37
style.css,188,css,98efae92,kylechoi101,2025-04-18,16:05:00,-07:00,2025-04-18T16:05:00-07:00,0,66
style.css,189,css,98efae92,kylechoi101,2025-04-18,16:05:00,-07:00,2025-04-18T16:05:00-07:00,0,17
style.css,190,css,98efae92,kylechoi101,2025-04-18,16:05:00,-07:00,2025-04-18T16:05:00-07:00,0,0
style.css,191,css,2e25c36c,kylechoi101,2025-04-25,16:04:12,-07:00,2025-04-25T16:04:12-07:00,0,46
style.css,192,css,2e25c36c,kylechoi101,2025-04-25,16:04:12,-07:00,2025-04-25T16:04:12-07:00,0,15
style.css,193,css,2e25c36c,kylechoi101,2025-04-25,16:04:12,-07:00,2025-04-25T16:04:12-07:00,0,56
style.css,194,css,2e25c36c,kylechoi101,2025-04-25,16:04:12,-07:00,2025-04-25T16:04:12-07:00,0,55
style.css,195,css,2e25c36c,kylechoi101,2025-04-25,16:04:12,-07:00,2025-04-25T16:04:12-07:00,0,54
style.css,196,css,2e25c36c,kylechoi101,2025-04-25,16:04:12,-07:00,2025-04-25T16:04:12-07:00,0,68
style.css,197,css,2e25c36c,kylechoi101,2025-04-25,16:04:12,-07:00,2025-04-25T16:04:12-07:00,0,37
style.css,198,css,2e25c36c,kylechoi101,2025-04-25,16:04:12,-07:00,2025-04-25T16:04:12-07:00,0,20
style.css,199,css,2e25c36c,kylechoi101,2025-04-25,16:04:12,-07:00,2025-04-25T16:04:12-07:00,0,19
style.css,200,css,2e25c36c,kylechoi101,2025-04-25,16:04:12,-07:00,2025-04-25T16:04:12-07:00,0,40
style.css,201,css,2e25c36c,kylechoi101,2025-04-25,16:04:12,-07:00,2025-04-25T16:04:12-07:00,0,53
style.css,202,css,2e25c36c,kylechoi101,2025-04-25,16:04:12,-07:00,2025-04-25T16:04:12-07:00,0,62
style.css,203,css,2e25c36c,kylechoi101,2025-04-25,16:04:12,-07:00,2025-04-25T16:04:12-07:00,0,0
style.css,204,css,2e25c36c,kylechoi101,2025-04-25,16:04:12,-07:00,2025-04-25T16:04:12-07:00,0,0
style.css,205,css,2e25c36c,kylechoi101,2025-04-25,16:04:12,-07:00,2025-04-25T16:04:12-07:00,0,43
style.css,206,css,2e25c36c,kylechoi101,2025-04-25,16:04:12,-07:00,2025-04-25T16:04:12-07:00,0,18
style.css,207,css,2e25c36c,kylechoi101,2025-04-25,16:04:12,-07:00,2025-04-25T16:04:12-07:00,0,13
style.css,208,css,2e25c36c,kylechoi101,2025-04-25,16:04:12,-07:00,2025-04-25T16:04:12-07:00,0,32
style.css,209,css,2e25c36c,kylechoi101,2025-04-25,16:04:12,-07:00,2025-04-25T16:04:12-07:00,0,15
style.css,210,css,2e25c36c,kylechoi101,2025-04-25,16:04:12,-07:00,2025-04-25T16:04:12-07:00,0,9
style.css,211,css,2e25c36c,kylechoi101,2025-04-25,16:04:12,-07:00,2025-04-25T16:04:12-07:00,0,0
style.css,212,css,2e25c36c,kylechoi101,2025-04-25,16:04:12,-07:00,2025-04-25T16:04:12-07:00,0,0
style.css,213,css,2e25c36c,kylechoi101,2025-04-25,16:04:12,-07:00,2025-04-25T16:04:12-07:00,0,20
style.css,214,css,2e25c36c,kylechoi101,2025-04-25,16:04:12,-07:00,2025-04-25T16:04:12-07:00,0,18
style.css,215,css,2e25c36c,kylechoi101,2025-04-25,16:04:12,-07:00,2025-04-25T16:04:12-07:00,0,17
style.css,216,css,2e25c36c,kylechoi101,2025-04-25,16:04:12,-07:00,2025-04-25T16:04:12-07:00,0,13
style.css,217,css,2e25c36c,kylechoi101,2025-04-25,16:04:12,-07:00,2025-04-25T16:04:12-07:00,0,0
style.css,218,css,2e25c36c,kylechoi101,2025-04-25,16:04:12,-07:00,2025-04-25T16:04:12-07:00,0,0
style.css,219,css,2e25c36c,kylechoi101,2025-04-25,16:04:12,-07:00,2025-04-25T16:04:12-07:00,0,40
style.css,220,css,2e25c36c,kylechoi101,2025-04-25,16:04:12,-07:00,2025-04-25T16:04:12-07:00,0,18
style.css,221,css,2e25c36c,kylechoi101,2025-04-25,16:04:12,-07:00,2025-04-25T16:04:12-07:00,0,9
style.css,222,css,2e25c36c,kylechoi101,2025-04-25,16:04:12,-07:00,2025-04-25T16:04:12-07:00,0,13
style.css,223,css,b3c0fa47,kylechoi101,2025-04-25,15:51:51,-07:00,2025-04-25T15:51:51-07:00,0,0
style.css,224,css,9db022de,kylechoi101,2025-05-01,13:55:06,-07:00,2025-05-01T13:55:06-07:00,0,17
style.css,225,css,9db022de,kylechoi101,2025-05-01,13:55:06,-07:00,2025-05-01T13:55:06-07:00,0,18
style.css,226,css,9db022de,kylechoi101,2025-05-01,13:55:06,-07:00,2025-05-01T13:55:06-07:00,0,0
style.css,227,css,9db022de,kylechoi101,2025-05-01,13:55:06,-07:00,2025-05-01T13:55:06-07:00,0,0
style.css,228,css,9db022de,kylechoi101,2025-05-01,13:55:06,-07:00,2025-05-01T13:55:06-07:00,0,14
style.css,229,css,9db022de,kylechoi101,2025-05-01,13:55:06,-07:00,2025-05-01T13:55:06-07:00,0,17
style.css,230,css,9db022de,kylechoi101,2025-05-01,13:55:06,-07:00,2025-05-01T13:55:06-07:00,0,30
style.css,231,css,9db022de,kylechoi101,2025-05-01,13:55:06,-07:00,2025-05-01T13:55:06-07:00,0,19
style.css,232,css,9db022de,kylechoi101,2025-05-01,13:55:06,-07:00,2025-05-01T13:55:06-07:00,0,24
style.css,233,css,9db022de,kylechoi101,2025-05-01,13:55:06,-07:00,2025-05-01T13:55:06-07:00,0,35
style.css,234,css,9db022de,kylechoi101,2025-05-01,13:55:06,-07:00,2025-05-01T13:55:06-07:00,0,0
style.css,235,css,9db022de,kylechoi101,2025-05-01,13:55:06,-07:00,2025-05-01T13:55:06-07:00,0,0
style.css,236,css,f8d3d21d,kylechoi101,2025-05-01,17:50:37,-07:00,2025-05-01T17:50:37-07:00,0,11
style.css,237,css,f8d3d21d,kylechoi101,2025-05-01,17:50:37,-07:00,2025-05-01T17:50:37-07:00,0,13
style.css,238,css,758a689d,kylechoi101,2025-05-02,22:26:31,-07:00,2025-05-02T22:26:31-07:00,0,64
style.css,239,css,758a689d,kylechoi101,2025-05-02,22:26:31,-07:00,2025-05-02T22:26:31-07:00,0,47
style.css,240,css,f8d3d21d,kylechoi101,2025-05-01,17:50:37,-07:00,2025-05-01T17:50:37-07:00,0,9
style.css,241,css,758a689d,kylechoi101,2025-05-02,22:26:31,-07:00,2025-05-02T22:26:31-07:00,0,66
style.css,242,css,758a689d,kylechoi101,2025-05-02,22:26:31,-07:00,2025-05-02T22:26:31-07:00,0,76
style.css,243,css,f8d3d21d,kylechoi101,2025-05-01,17:50:37,-07:00,2025-05-01T17:50:37-07:00,0,18
style.css,244,css,f8d3d21d,kylechoi101,2025-05-01,17:50:37,-07:00,2025-05-01T17:50:37-07:00,0,0
style.css,245,css,f8d3d21d,kylechoi101,2025-05-01,17:50:37,-07:00,2025-05-01T17:50:37-07:00,0,0
style.css,246,css,758a689d,kylechoi101,2025-05-02,22:26:31,-07:00,2025-05-02T22:26:31-07:00,0,0
style.css,247,css,f8d3d21d,kylechoi101,2025-05-01,17:50:37,-07:00,2025-05-01T17:50:37-07:00,0,15
style.css,248,css,758a689d,kylechoi101,2025-05-02,22:26:31,-07:00,2025-05-02T22:26:31-07:00,0,13
style.css,249,css,3242b605,kylechoi101,2025-05-02,22:21:25,-07:00,2025-05-02T22:21:25-07:00,0,11
style.css,250,css,3242b605,kylechoi101,2025-05-02,22:21:25,-07:00,2025-05-02T22:21:25-07:00,0,12
style.css,251,css,3242b605,kylechoi101,2025-05-02,22:21:25,-07:00,2025-05-02T22:21:25-07:00,0,56
style.css,252,css,3242b605,kylechoi101,2025-05-02,22:21:25,-07:00,2025-05-02T22:21:25-07:00,0,52
style.css,253,css,f8d3d21d,kylechoi101,2025-05-01,17:50:37,-07:00,2025-05-01T17:50:37-07:00,0,18
style.css,254,css,f8d3d21d,kylechoi101,2025-05-01,17:50:37,-07:00,2025-05-01T17:50:37-07:00,0,17
style.css,255,css,f8d3d21d,kylechoi101,2025-05-01,17:50:37,-07:00,2025-05-01T17:50:37-07:00,0,12
style.css,256,css,f8d3d21d,kylechoi101,2025-05-01,17:50:37,-07:00,2025-05-01T17:50:37-07:00,0,0
style.css,257,css,f8d3d21d,kylechoi101,2025-05-01,17:50:37,-07:00,2025-05-01T17:50:37-07:00,0,0
style.css,258,css,f8d3d21d,kylechoi101,2025-05-01,17:50:37,-07:00,2025-05-01T17:50:37-07:00,0,5
style.css,259,css,f8d3d21d,kylechoi101,2025-05-01,17:50:37,-07:00,2025-05-01T17:50:37-07:00,0,17
style.css,260,css,f8d3d21d,kylechoi101,2025-05-01,17:50:37,-07:00,2025-05-01T17:50:37-07:00,0,0
style.css,261,css,f8d3d21d,kylechoi101,2025-05-01,17:50:37,-07:00,2025-05-01T17:50:37-07:00,0,0
style.css,262,css,f8d3d21d,kylechoi101,2025-05-01,17:50:37,-07:00,2025-05-01T17:50:37-07:00,0,0
style.css,263,css,9db022de,kylechoi101,2025-05-01,13:55:06,-07:00,2025-05-01T13:55:06-07:00,0,0
style.css,264,css,f8d3d21d,kylechoi101,2025-05-01,17:50:37,-07:00,2025-05-01T17:50:37-07:00,0,8
style.css,265,css,f8d3d21d,kylechoi101,2025-05-01,17:50:37,-07:00,2025-05-01T17:50:37-07:00,0,13
style.css,266,css,f8d3d21d,kylechoi101,2025-05-01,17:50:37,-07:00,2025-05-01T17:50:37-07:00,0,58
style.css,267,css,f8d3d21d,kylechoi101,2025-05-01,17:50:37,-07:00,2025-05-01T17:50:37-07:00,0,10
style.css,268,css,f8d3d21d,kylechoi101,2025-05-01,17:50:37,-07:00,2025-05-01T17:50:37-07:00,0,12
style.css,269,css,f8d3d21d,kylechoi101,2025-05-01,17:50:37,-07:00,2025-05-01T17:50:37-07:00,0,37
style.css,270,css,f8d3d21d,kylechoi101,2025-05-01,17:50:37,-07:00,2025-05-01T17:50:37-07:00,0,20
style.css,271,css,f8d3d21d,kylechoi101,2025-05-01,17:50:37,-07:00,2025-05-01T17:50:37-07:00,0,13
style.css,272,css,f8d3d21d,kylechoi101,2025-05-01,17:50:37,-07:00,2025-05-01T17:50:37-07:00,0,16
style.css,273,css,f8d3d21d,kylechoi101,2025-05-01,17:50:37,-07:00,2025-05-01T17:50:37-07:00,0,7
style.css,274,css,f8d3d21d,kylechoi101,2025-05-01,17:50:37,-07:00,2025-05-01T17:50:37-07:00,0,0
style.css,275,css,f8d3d21d,kylechoi101,2025-05-01,17:50:37,-07:00,2025-05-01T17:50:37-07:00,0,0
style.css,276,css,f8d3d21d,kylechoi101,2025-05-01,17:50:37,-07:00,2025-05-01T17:50:37-07:00,0,11
style.css,277,css,f8d3d21d,kylechoi101,2025-05-01,17:50:37,-07:00,2025-05-01T17:50:37-07:00,0,13
style.css,278,css,f8d3d21d,kylechoi101,2025-05-01,17:50:37,-07:00,2025-05-01T17:50:37-07:00,0,19
style.css,279,css,f8d3d21d,kylechoi101,2025-05-01,17:50:37,-07:00,2025-05-01T17:50:37-07:00,0,10
style.css,280,css,f8d3d21d,kylechoi101,2025-05-01,17:50:37,-07:00,2025-05-01T17:50:37-07:00,0,18
style.css,281,css,9db022de,kylechoi101,2025-05-01,13:55:06,-07:00,2025-05-01T13:55:06-07:00,0,0
style.css,282,css,f8d3d21d,kylechoi101,2025-05-01,17:50:37,-07:00,2025-05-01T17:50:37-07:00,0,0
style.css,283,css,f8d3d21d,kylechoi101,2025-05-01,17:50:37,-07:00,2025-05-01T17:50:37-07:00,0,16
style.css,284,css,f8d3d21d,kylechoi101,2025-05-01,17:50:37,-07:00,2025-05-01T17:50:37-07:00,0,21
style.css,285,css,f8d3d21d,kylechoi101,2025-05-01,17:50:37,-07:00,2025-05-01T17:50:37-07:00,0,10
style.css,286,css,f8d3d21d,kylechoi101,2025-05-01,17:50:37,-07:00,2025-05-01T17:50:37-07:00,0,11
style.css,287,css,f8d3d21d,kylechoi101,2025-05-01,17:50:37,-07:00,2025-05-01T17:50:37-07:00,0,19
style.css,288,css,f8d3d21d,kylechoi101,2025-05-01,17:50:37,-07:00,2025-05-01T17:50:37-07:00,0,30
style.css,289,css,f8d3d21d,kylechoi101,2025-05-01,17:50:37,-07:00,2025-05-01T17:50:37-07:00,0,21
style.css,290,css,f8d3d21d,kylechoi101,2025-05-01,17:50:37,-07:00,2025-05-01T17:50:37-07:00,0,0
style.css,291,css,f8d3d21d,kylechoi101,2025-05-01,17:50:37,-07:00,2025-05-01T17:50:37-07:00,0,0
style.css,292,css,f8d3d21d,kylechoi101,2025-05-01,17:50:37,-07:00,2025-05-01T17:50:37-07:00,0,11
style.css,293,css,f8d3d21d,kylechoi101,2025-05-01,17:50:37,-07:00,2025-05-01T17:50:37-07:00,0,13
style.css,294,css,f8d3d21d,kylechoi101,2025-05-01,17:50:37,-07:00,2025-05-01T17:50:37-07:00,0,52
style.css,295,css,f8d3d21d,kylechoi101,2025-05-01,17:50:37,-07:00,2025-05-01T17:50:37-07:00,0,8
style.css,296,css,f8d3d21d,kylechoi101,2025-05-01,17:50:37,-07:00,2025-05-01T17:50:37-07:00,0,19
style.css,297,css,f8d3d21d,kylechoi101,2025-05-01,17:50:37,-07:00,2025-05-01T17:50:37-07:00,0,11
style.css,298,css,f8d3d21d,kylechoi101,2025-05-01,17:50:37,-07:00,2025-05-01T17:50:37-07:00,0,15
style.css,299,css,f8d3d21d,kylechoi101,2025-05-01,17:50:37,-07:00,2025-05-01T17:50:37-07:00,0,18
style.css,300,css,f8d3d21d,kylechoi101,2025-05-01,17:50:37,-07:00,2025-05-01T17:50:37-07:00,0,0
style.css,301,css,f8d3d21d,kylechoi101,2025-05-01,17:50:37,-07:00,2025-05-01T17:50:37-07:00,0,0
style.css,302,css,f8d3d21d,kylechoi101,2025-05-01,17:50:37,-07:00,2025-05-01T17:50:37-07:00,0,17
style.css,303,css,f8d3d21d,kylechoi101,2025-05-01,17:50:37,-07:00,2025-05-01T17:50:37-07:00,0,14
style.css,304,css,f8d3d21d,kylechoi101,2025-05-01,17:50:37,-07:00,2025-05-01T17:50:37-07:00,0,19
style.css,305,css,f8d3d21d,kylechoi101,2025-05-01,17:50:37,-07:00,2025-05-01T17:50:37-07:00,0,13
style.css,306,css,f8d3d21d,kylechoi101,2025-05-01,17:50:37,-07:00,2025-05-01T17:50:37-07:00,0,17
style.css,307,css,f8d3d21d,kylechoi101,2025-05-01,17:50:37,-07:00,2025-05-01T17:50:37-07:00,0,0
style.css,308,css,f8d3d21d,kylechoi101,2025-05-01,17:50:37,-07:00,2025-05-01T17:50:37-07:00,0,0
style.css,309,css,f8d3d21d,kylechoi101,2025-05-01,17:50:37,-07:00,2025-05-01T17:50:37-07:00,0,17
style.css,310,css,f8d3d21d,kylechoi101,2025-05-01,17:50:37,-07:00,2025-05-01T17:50:37-07:00,0,14
style.css,311,css,f8d3d21d,kylechoi101,2025-05-01,17:50:37,-07:00,2025-05-01T17:50:37-07:00,0,11
style.css,312,css,f8d3d21d,kylechoi101,2025-05-01,17:50:37,-07:00,2025-05-01T17:50:37-07:00,0,0
style.css,313,css,f8d3d21d,kylechoi101,2025-05-01,17:50:37,-07:00,2025-05-01T17:50:37-07:00,0,0
style.css,314,css,f8d3d21d,kylechoi101,2025-05-01,17:50:37,-07:00,2025-05-01T17:50:37-07:00,0,10
style.css,315,css,f8d3d21d,kylechoi101,2025-05-01,17:50:37,-07:00,2025-05-01T17:50:37-07:00,0,36
style.css,316,css,34568474,kylechoi101,2025-05-01,21:18:16,-07:00,2025-05-01T21:18:16-07:00,0,12
style.css,317,css,34568474,kylechoi101,2025-05-01,21:18:16,-07:00,2025-05-01T21:18:16-07:00,0,15
style.css,318,css,34568474,kylechoi101,2025-05-01,21:18:16,-07:00,2025-05-01T21:18:16-07:00,0,0
style.css,319,css,f8d3d21d,kylechoi101,2025-05-01,17:50:37,-07:00,2025-05-01T17:50:37-07:00,0,0
style.css,320,css,34568474,kylechoi101,2025-05-01,21:18:16,-07:00,2025-05-01T21:18:16-07:00,0,5
style.css,321,css,34568474,kylechoi101,2025-05-01,21:18:16,-07:00,2025-05-01T21:18:16-07:00,0,15
style.css,322,css,34568474,kylechoi101,2025-05-01,21:18:16,-07:00,2025-05-01T21:18:16-07:00,0,0
index.js,1,js,3926ad3f,kylechoi101,2025-04-25,15:10:39,-07:00,2025-04-25T15:10:39-07:00,0,72
index.js,2,js,b06250ca,kylechoi101,2025-04-25,15:06:04,-07:00,2025-04-25T15:06:04-07:00,0,53
index.js,3,js,4877220f,kylechoi101,2025-04-25,14:24:08,-07:00,2025-04-25T14:24:08-07:00,0,43
index.js,4,js,4877220f,kylechoi101,2025-04-25,14:24:08,-07:00,2025-04-25T14:24:08-07:00,0,61
index.js,5,js,b06250ca,kylechoi101,2025-04-25,15:06:04,-07:00,2025-04-25T15:06:04-07:00,0,55
index.js,6,js,b06250ca,kylechoi101,2025-04-25,15:06:04,-07:00,2025-04-25T15:06:04-07:00,0,0
index.js,7,js,3926ad3f,kylechoi101,2025-04-25,15:10:39,-07:00,2025-04-25T15:10:39-07:00,0,55
index.js,8,js,b06250ca,kylechoi101,2025-04-25,15:06:04,-07:00,2025-04-25T15:06:04-07:00,0,61
index.js,9,js,b06250ca,kylechoi101,2025-04-25,15:06:04,-07:00,2025-04-25T15:06:04-07:00,0,18
index.js,10,js,b06250ca,kylechoi101,2025-04-25,15:06:04,-07:00,2025-04-25T15:06:04-07:00,0,25
index.js,11,js,b06250ca,kylechoi101,2025-04-25,15:06:04,-07:00,2025-04-25T15:06:04-07:00,0,3
index.js,12,js,b06250ca,kylechoi101,2025-04-25,15:06:04,-07:00,2025-04-25T15:06:04-07:00,0,56
index.js,13,js,b06250ca,kylechoi101,2025-04-25,15:06:04,-07:00,2025-04-25T15:06:04-07:00,0,56
index.js,14,js,b06250ca,kylechoi101,2025-04-25,15:06:04,-07:00,2025-04-25T15:06:04-07:00,0,50
index.js,15,js,b06250ca,kylechoi101,2025-04-25,15:06:04,-07:00,2025-04-25T15:06:04-07:00,0,50
index.js,16,js,b06250ca,kylechoi101,2025-04-25,15:06:04,-07:00,2025-04-25T15:06:04-07:00,0,4
index.js,17,js,b06250ca,kylechoi101,2025-04-25,15:06:04,-07:00,2025-04-25T15:06:04-07:00,0,1
index.js,18,js,b06250ca,kylechoi101,2025-04-25,15:06:04,-07:00,2025-04-25T15:06:04-07:00,0,0
index.html,1,html,d6cce205,kylechoi101,2025-04-02,15:42:08,-07:00,2025-04-02T15:42:08-07:00,0,14
index.html,2,html,d6cce205,kylechoi101,2025-04-02,15:42:08,-07:00,2025-04-02T15:42:08-07:00,0,15
index.html,3,html,d6cce205,kylechoi101,2025-04-02,15:42:08,-07:00,2025-04-02T15:42:08-07:00,0,5
index.html,4,html,87587d03,kylechoi101,2025-04-02,17:08:54,-07:00,2025-04-02T17:08:54-07:00,0,21
index.html,5,html,87587d03,kylechoi101,2025-04-02,17:08:54,-07:00,2025-04-02T17:08:54-07:00,0,69
index.html,6,html,87587d03,kylechoi101,2025-04-02,17:08:54,-07:00,2025-04-02T17:08:54-07:00,0,52
index.html,7,html,87587d03,kylechoi101,2025-04-02,17:08:54,-07:00,2025-04-02T17:08:54-07:00,0,39
index.html,8,html,20e78d57,kylechoi101,2025-04-18,12:23:26,-07:00,2025-04-18T12:23:26-07:00,0,46
index.html,9,html,4877220f,kylechoi101,2025-04-25,14:24:08,-07:00,2025-04-25T14:24:08-07:00,0,51
index.html,10,html,d6cce205,kylechoi101,2025-04-02,15:42:08,-07:00,2025-04-02T15:42:08-07:00,0,6
index.html,11,html,d6cce205,kylechoi101,2025-04-02,15:42:08,-07:00,2025-04-02T15:42:08-07:00,0,5
index.html,12,html,87587d03,kylechoi101,2025-04-02,17:08:54,-07:00,2025-04-02T17:08:54-07:00,0,17
index.html,13,html,87587d03,kylechoi101,2025-04-02,17:08:54,-07:00,2025-04-02T17:08:54-07:00,0,123
index.html,14,html,a8f559ff,kylechoi101,2025-04-04,11:22:22,-07:00,2025-04-04T11:22:22-07:00,0,48
index.html,15,html,4877220f,kylechoi101,2025-04-25,14:24:08,-07:00,2025-04-25T14:24:08-07:00,0,23
index.html,16,html,4877220f,kylechoi101,2025-04-25,14:24:08,-07:00,2025-04-25T14:24:08-07:00,0,21
index.html,17,html,4877220f,kylechoi101,2025-04-25,14:24:08,-07:00,2025-04-25T14:24:08-07:00,0,50
index.html,18,html,4877220f,kylechoi101,2025-04-25,14:24:08,-07:00,2025-04-25T14:24:08-07:00,0,5
index.html,19,html,b06250ca,kylechoi101,2025-04-25,15:06:04,-07:00,2025-04-25T15:06:04-07:00,0,21
index.html,20,html,3926ad3f,kylechoi101,2025-04-25,15:10:39,-07:00,2025-04-25T15:10:39-07:00,0,23
index.html,21,html,b06250ca,kylechoi101,2025-04-25,15:06:04,-07:00,2025-04-25T15:06:04-07:00,0,0
index.html,22,html,b06250ca,kylechoi101,2025-04-25,15:06:04,-07:00,2025-04-25T15:06:04-07:00,0,5
index.html,23,html,d6cce205,kylechoi101,2025-04-02,15:42:08,-07:00,2025-04-02T15:42:08-07:00,0,6
index.html,24,html,87587d03,kylechoi101,2025-04-02,17:08:54,-07:00,2025-04-02T17:08:54-07:00,0,6
global.js,1,js,20e78d57,kylechoi101,2025-04-18,12:23:26,-07:00,2025-04-18T12:23:26-07:00,0,26
global.js,2,js,20e78d57,kylechoi101,2025-04-18,12:23:26,-07:00,2025-04-18T12:23:26-07:00,0,0
global.js,3,js,20e78d57,kylechoi101,2025-04-18,12:23:26,-07:00,2025-04-18T12:23:26-07:00,0,42
global.js,4,js,20e78d57,kylechoi101,2025-04-18,12:23:26,-07:00,2025-04-18T12:23:26-07:00,0,53
global.js,5,js,0a94e538,kylechoi101,2025-04-18,12:43:54,-07:00,2025-04-18T12:43:54-07:00,0,0
global.js,6,js,0a94e538,kylechoi101,2025-04-18,12:43:54,-07:00,2025-04-18T12:43:54-07:00,0,0
global.js,7,js,4e208584,kylechoi101,2025-04-18,12:52:44,-07:00,2025-04-18T12:52:44-07:00,0,0
global.js,8,js,4e208584,kylechoi101,2025-04-18,12:52:44,-07:00,2025-04-18T12:52:44-07:00,0,31
global.js,9,js,4e208584,kylechoi101,2025-04-18,12:52:44,-07:00,2025-04-18T12:52:44-07:00,0,0
global.js,10,js,4e208584,kylechoi101,2025-04-18,12:52:44,-07:00,2025-04-18T12:52:44-07:00,0,34
global.js,11,js,4e208584,kylechoi101,2025-04-18,12:52:44,-07:00,2025-04-18T12:52:44-07:00,0,74
global.js,12,js,4e208584,kylechoi101,2025-04-18,12:52:44,-07:00,2025-04-18T12:52:44-07:00,0,6
global.js,13,js,4e208584,kylechoi101,2025-04-18,12:52:44,-07:00,2025-04-18T12:52:44-07:00,0,0
global.js,14,js,4e208584,kylechoi101,2025-04-18,12:52:44,-07:00,2025-04-18T12:52:44-07:00,0,40
global.js,15,js,4e208584,kylechoi101,2025-04-18,12:52:44,-07:00,2025-04-18T12:52:44-07:00,0,0
global.js,16,js,4e208584,kylechoi101,2025-04-18,12:52:44,-07:00,2025-04-18T12:52:44-07:00,0,12
global.js,17,js,4e208584,kylechoi101,2025-04-18,12:52:44,-07:00,2025-04-18T12:52:44-07:00,0,26
global.js,18,js,4e208584,kylechoi101,2025-04-18,12:52:44,-07:00,2025-04-18T12:52:44-07:00,0,39
global.js,19,js,4e208584,kylechoi101,2025-04-18,12:52:44,-07:00,2025-04-18T12:52:44-07:00,0,37
global.js,20,js,746c1a5b,kylechoi101,2025-04-18,14:48:05,-07:00,2025-04-18T14:48:05-07:00,0,35
global.js,21,js,00000000,Not Committed Yet,2025-05-09,18:52:10,-07:00,2025-05-09T18:52:10-07:00,0,31
global.js,22,js,103435a4,kylechoi101,2025-04-18,14:01:16,-07:00,2025-04-18T14:01:16-07:00,0,58
global.js,23,js,4e208584,kylechoi101,2025-04-18,12:52:44,-07:00,2025-04-18T12:52:44-07:00,0,1
global.js,24,js,4e208584,kylechoi101,2025-04-18,12:52:44,-07:00,2025-04-18T12:52:44-07:00,0,0
global.js,25,js,e9543319,kylechoi101,2025-04-18,13:02:00,-07:00,2025-04-18T13:02:00-07:00,0,89
global.js,26,js,e9543319,kylechoi101,2025-04-18,13:02:00,-07:00,2025-04-18T13:02:00-07:00,0,37
global.js,27,js,7b728313,kylechoi101,2025-04-18,13:27:56,-07:00,2025-04-18T13:27:56-07:00,0,49
global.js,28,js,4e208584,kylechoi101,2025-04-18,12:52:44,-07:00,2025-04-18T12:52:44-07:00,0,41
global.js,29,js,4e208584,kylechoi101,2025-04-18,12:52:44,-07:00,2025-04-18T12:52:44-07:00,0,26
global.js,30,js,4e208584,kylechoi101,2025-04-18,12:52:44,-07:00,2025-04-18T12:52:44-07:00,0,21
global.js,31,js,4e208584,kylechoi101,2025-04-18,12:52:44,-07:00,2025-04-18T12:52:44-07:00,0,16
global.js,32,js,e9543319,kylechoi101,2025-04-18,13:02:00,-07:00,2025-04-18T13:02:00-07:00,0,0
global.js,33,js,4e208584,kylechoi101,2025-04-18,12:52:44,-07:00,2025-04-18T12:52:44-07:00,0,30
global.js,34,js,4e208584,kylechoi101,2025-04-18,12:52:44,-07:00,2025-04-18T12:52:44-07:00,0,23
global.js,35,js,4e208584,kylechoi101,2025-04-18,12:52:44,-07:00,2025-04-18T12:52:44-07:00,0,0
global.js,36,js,0a94e538,kylechoi101,2025-04-18,12:43:54,-07:00,2025-04-18T12:43:54-07:00,0,0
global.js,37,js,ee10ad08,kylechoi101,2025-04-18,14:42:13,-07:00,2025-04-18T14:42:13-07:00,0,35
global.js,38,js,ee10ad08,kylechoi101,2025-04-18,14:42:13,-07:00,2025-04-18T14:42:13-07:00,0,13
global.js,39,js,ee10ad08,kylechoi101,2025-04-18,14:42:13,-07:00,2025-04-18T14:42:13-07:00,0,23
global.js,40,js,ee10ad08,kylechoi101,2025-04-18,14:42:13,-07:00,2025-04-18T14:42:13-07:00,0,13
global.js,41,js,ee10ad08,kylechoi101,2025-04-18,14:42:13,-07:00,2025-04-18T14:42:13-07:00,0,66
global.js,42,js,ee10ad08,kylechoi101,2025-04-18,14:42:13,-07:00,2025-04-18T14:42:13-07:00,0,26
global.js,43,js,ee10ad08,kylechoi101,2025-04-18,14:42:13,-07:00,2025-04-18T14:42:13-07:00,0,0
global.js,44,js,27e0efe2,kylechoi101,2025-04-18,14:51:01,-07:00,2025-04-18T14:51:01-07:00,0,38
global.js,45,js,ee10ad08,kylechoi101,2025-04-18,14:42:13,-07:00,2025-04-18T14:42:13-07:00,0,18
global.js,46,js,ee10ad08,kylechoi101,2025-04-18,14:42:13,-07:00,2025-04-18T14:42:13-07:00,0,0
global.js,47,js,9f65fb73,kylechoi101,2025-04-18,12:56:16,-07:00,2025-04-18T12:56:16-07:00,0,0
global.js,48,js,9f65fb73,kylechoi101,2025-04-18,12:56:16,-07:00,2025-04-18T12:56:16-07:00,0,28
global.js,49,js,9f65fb73,kylechoi101,2025-04-18,12:56:16,-07:00,2025-04-18T12:56:16-07:00,0,33
global.js,50,js,9f65fb73,kylechoi101,2025-04-18,12:56:16,-07:00,2025-04-18T12:56:16-07:00,0,5
global.js,51,js,9f65fb73,kylechoi101,2025-04-18,12:56:16,-07:00,2025-04-18T12:56:16-07:00,0,30
global.js,52,js,9f65fb73,kylechoi101,2025-04-18,12:56:16,-07:00,2025-04-18T12:56:16-07:00,0,31
global.js,53,js,9f65fb73,kylechoi101,2025-04-18,12:56:16,-07:00,2025-04-18T12:56:16-07:00,0,1
global.js,54,js,98efae92,kylechoi101,2025-04-18,16:05:00,-07:00,2025-04-18T16:05:00-07:00,0,37
global.js,55,js,98efae92,kylechoi101,2025-04-18,16:05:00,-07:00,2025-04-18T16:05:00-07:00,0,0
global.js,56,js,98efae92,kylechoi101,2025-04-18,16:05:00,-07:00,2025-04-18T16:05:00-07:00,0,32
global.js,57,js,98efae92,kylechoi101,2025-04-18,16:05:00,-07:00,2025-04-18T16:05:00-07:00,0,12
global.js,58,js,98efae92,kylechoi101,2025-04-18,16:05:00,-07:00,2025-04-18T16:05:00-07:00,0,0
global.js,59,js,98efae92,kylechoi101,2025-04-18,16:05:00,-07:00,2025-04-18T16:05:00-07:00,1,27
global.js,60,js,98efae92,kylechoi101,2025-04-18,16:05:00,-07:00,2025-04-18T16:05:00-07:00,2,5
global.js,61,js,98efae92,kylechoi101,2025-04-18,16:05:00,-07:00,2025-04-18T16:05:00-07:00,2,27
global.js,62,js,98efae92,kylechoi101,2025-04-18,16:05:00,-07:00,2025-04-18T16:05:00-07:00,0,38
global.js,63,js,98efae92,kylechoi101,2025-04-18,16:05:00,-07:00,2025-04-18T16:05:00-07:00,0,35
global.js,64,js,98efae92,kylechoi101,2025-04-18,16:05:00,-07:00,2025-04-18T16:05:00-07:00,0,33
global.js,65,js,98efae92,kylechoi101,2025-04-18,16:05:00,-07:00,2025-04-18T16:05:00-07:00,2,8
global.js,66,js,98efae92,kylechoi101,2025-04-18,16:05:00,-07:00,2025-04-18T16:05:00-07:00,1,9
global.js,67,js,98efae92,kylechoi101,2025-04-18,16:05:00,-07:00,2025-04-18T16:05:00-07:00,0,1
global.js,68,js,d196a954,kylechoi101,2025-04-18,16:46:01,-07:00,2025-04-18T16:46:01-07:00,0,0
global.js,69,js,2a662caf,kylechoi101,2025-04-18,17:02:28,-07:00,2025-04-18T17:02:28-07:00,0,56
global.js,70,js,98efae92,kylechoi101,2025-04-18,16:05:00,-07:00,2025-04-18T16:05:00-07:00,0,0
global.js,71,js,4cb99c51,kylechoi101,2025-04-18,17:12:53,-07:00,2025-04-18T17:12:53-07:00,0,30
global.js,72,js,4cb99c51,kylechoi101,2025-04-18,17:12:53,-07:00,2025-04-18T17:12:53-07:00,0,82
global.js,73,js,4cb99c51,kylechoi101,2025-04-18,17:12:53,-07:00,2025-04-18T17:12:53-07:00,0,71
global.js,74,js,4cb99c51,kylechoi101,2025-04-18,17:12:53,-07:00,2025-04-18T17:12:53-07:00,0,66
global.js,75,js,4cb99c51,kylechoi101,2025-04-18,17:12:53,-07:00,2025-04-18T17:12:53-07:00,0,0
global.js,76,js,98efae92,kylechoi101,2025-04-18,16:05:00,-07:00,2025-04-18T16:05:00-07:00,0,0
global.js,77,js,4cb99c51,kylechoi101,2025-04-18,17:12:53,-07:00,2025-04-18T17:12:53-07:00,0,66
global.js,78,js,4cb99c51,kylechoi101,2025-04-18,17:12:53,-07:00,2025-04-18T17:12:53-07:00,0,44
global.js,79,js,4cb99c51,kylechoi101,2025-04-18,17:12:53,-07:00,2025-04-18T17:12:53-07:00,0,33
global.js,80,js,4cb99c51,kylechoi101,2025-04-18,17:12:53,-07:00,2025-04-18T17:12:53-07:00,0,10
global.js,81,js,4cb99c51,kylechoi101,2025-04-18,17:12:53,-07:00,2025-04-18T17:12:53-07:00,0,66
global.js,82,js,4cb99c51,kylechoi101,2025-04-18,17:12:53,-07:00,2025-04-18T17:12:53-07:00,0,12
global.js,83,js,4cb99c51,kylechoi101,2025-04-18,17:12:53,-07:00,2025-04-18T17:12:53-07:00,0,33
global.js,84,js,4cb99c51,kylechoi101,2025-04-18,17:12:53,-07:00,2025-04-18T17:12:53-07:00,0,2
global.js,85,js,c3a64a7f,kylechoi101,2025-04-18,17:34:50,-07:00,2025-04-18T17:34:50-07:00,0,0
global.js,86,js,c3a64a7f,kylechoi101,2025-04-18,17:34:50,-07:00,2025-04-18T17:34:50-07:00,0,0
global.js,87,js,c3a64a7f,kylechoi101,2025-04-18,17:34:50,-07:00,2025-04-18T17:34:50-07:00,0,55
global.js,88,js,c3a64a7f,kylechoi101,2025-04-18,17:34:50,-07:00,2025-04-18T17:34:50-07:00,0,69
global.js,89,js,c3a64a7f,kylechoi101,2025-04-18,17:34:50,-07:00,2025-04-18T17:34:50-07:00,0,0
global.js,90,js,c3a64a7f,kylechoi101,2025-04-18,17:34:50,-07:00,2025-04-18T17:34:50-07:00,0,17
global.js,91,js,c3a64a7f,kylechoi101,2025-04-18,17:34:50,-07:00,2025-04-18T17:34:50-07:00,0,46
global.js,92,js,c3a64a7f,kylechoi101,2025-04-18,17:34:50,-07:00,2025-04-18T17:34:50-07:00,0,79
global.js,93,js,c3a64a7f,kylechoi101,2025-04-18,17:34:50,-07:00,2025-04-18T17:34:50-07:00,0,0
global.js,94,js,c3a64a7f,kylechoi101,2025-04-18,17:34:50,-07:00,2025-04-18T17:34:50-07:00,0,37
global.js,95,js,c3a64a7f,kylechoi101,2025-04-18,17:34:50,-07:00,2025-04-18T17:34:50-07:00,0,38
global.js,96,js,c3a64a7f,kylechoi101,2025-04-18,17:34:50,-07:00,2025-04-18T17:34:50-07:00,0,0
global.js,97,js,c3a64a7f,kylechoi101,2025-04-18,17:34:50,-07:00,2025-04-18T17:34:50-07:00,0,62
global.js,98,js,c3a64a7f,kylechoi101,2025-04-18,17:34:50,-07:00,2025-04-18T17:34:50-07:00,0,16
global.js,99,js,c3a64a7f,kylechoi101,2025-04-18,17:34:50,-07:00,2025-04-18T17:34:50-07:00,0,29
global.js,100,js,c3a64a7f,kylechoi101,2025-04-18,17:34:50,-07:00,2025-04-18T17:34:50-07:00,0,67
global.js,101,js,c3a64a7f,kylechoi101,2025-04-18,17:34:50,-07:00,2025-04-18T17:34:50-07:00,0,0
global.js,102,js,c3a64a7f,kylechoi101,2025-04-18,17:34:50,-07:00,2025-04-18T17:34:50-07:00,0,0
global.js,103,js,c3a64a7f,kylechoi101,2025-04-18,17:34:50,-07:00,2025-04-18T17:34:50-07:00,0,43
global.js,104,js,c3a64a7f,kylechoi101,2025-04-18,17:34:50,-07:00,2025-04-18T17:34:50-07:00,0,29
global.js,105,js,c3a64a7f,kylechoi101,2025-04-18,17:34:50,-07:00,2025-04-18T17:34:50-07:00,0,0
global.js,106,js,c3a64a7f,kylechoi101,2025-04-18,17:34:50,-07:00,2025-04-18T17:34:50-07:00,0,68
global.js,107,js,c3a64a7f,kylechoi101,2025-04-18,17:34:50,-07:00,2025-04-18T17:34:50-07:00,0,31
global.js,108,js,c3a64a7f,kylechoi101,2025-04-18,17:34:50,-07:00,2025-04-18T17:34:50-07:00,0,78
global.js,109,js,c3a64a7f,kylechoi101,2025-04-18,17:34:50,-07:00,2025-04-18T17:34:50-07:00,0,52
global.js,110,js,c3a64a7f,kylechoi101,2025-04-18,17:34:50,-07:00,2025-04-18T17:34:50-07:00,0,0
global.js,111,js,c3a64a7f,kylechoi101,2025-04-18,17:34:50,-07:00,2025-04-18T17:34:50-07:00,0,56
global.js,112,js,c3a64a7f,kylechoi101,2025-04-18,17:34:50,-07:00,2025-04-18T17:34:50-07:00,0,22
global.js,113,js,c3a64a7f,kylechoi101,2025-04-18,17:34:50,-07:00,2025-04-18T17:34:50-07:00,0,2
global.js,114,js,c3a64a7f,kylechoi101,2025-04-18,17:34:50,-07:00,2025-04-18T17:34:50-07:00,0,0
global.js,115,js,4d314ce9,kylechoi101,2025-04-25,13:36:38,-07:00,2025-04-25T13:36:38-07:00,0,0
global.js,116,js,4d314ce9,kylechoi101,2025-04-25,13:36:38,-07:00,2025-04-25T13:36:38-07:00,0,37
global.js,117,js,4d314ce9,kylechoi101,2025-04-25,13:36:38,-07:00,2025-04-25T13:36:38-07:00,0,4
global.js,118,js,4d314ce9,kylechoi101,2025-04-25,13:36:38,-07:00,2025-04-25T13:36:38-07:00,0,40
global.js,119,js,4d314ce9,kylechoi101,2025-04-25,13:36:38,-07:00,2025-04-25T13:36:38-07:00,0,33
global.js,120,js,4d314ce9,kylechoi101,2025-04-25,13:36:38,-07:00,2025-04-25T13:36:38-07:00,0,18
global.js,121,js,4d314ce9,kylechoi101,2025-04-25,13:36:38,-07:00,2025-04-25T13:36:38-07:00,0,67
global.js,122,js,4d314ce9,kylechoi101,2025-04-25,13:36:38,-07:00,2025-04-25T13:36:38-07:00,0,0
global.js,123,js,4d314ce9,kylechoi101,2025-04-25,13:36:38,-07:00,2025-04-25T13:36:38-07:00,0,20
global.js,124,js,4d314ce9,kylechoi101,2025-04-25,13:36:38,-07:00,2025-04-25T13:36:38-07:00,0,34
global.js,125,js,4d314ce9,kylechoi101,2025-04-25,13:36:38,-07:00,2025-04-25T13:36:38-07:00,0,11
global.js,126,js,4d314ce9,kylechoi101,2025-04-25,13:36:38,-07:00,2025-04-25T13:36:38-07:00,0,16
global.js,127,js,4d314ce9,kylechoi101,2025-04-25,13:36:38,-07:00,2025-04-25T13:36:38-07:00,0,60
global.js,128,js,4d314ce9,kylechoi101,2025-04-25,13:36:38,-07:00,2025-04-25T13:36:38-07:00,0,0
global.js,129,js,4d314ce9,kylechoi101,2025-04-25,13:36:38,-07:00,2025-04-25T13:36:38-07:00,0,0
global.js,130,js,4d314ce9,kylechoi101,2025-04-25,13:36:38,-07:00,2025-04-25T13:36:38-07:00,0,80
global.js,131,js,4d314ce9,kylechoi101,2025-04-25,13:36:38,-07:00,2025-04-25T13:36:38-07:00,0,51
global.js,132,js,4d314ce9,kylechoi101,2025-04-25,13:36:38,-07:00,2025-04-25T13:36:38-07:00,0,68
global.js,133,js,4d314ce9,kylechoi101,2025-04-25,13:36:38,-07:00,2025-04-25T13:36:38-07:00,0,6
global.js,134,js,4d314ce9,kylechoi101,2025-04-25,13:36:38,-07:00,2025-04-25T13:36:38-07:00,0,0
global.js,135,js,4d314ce9,kylechoi101,2025-04-25,13:36:38,-07:00,2025-04-25T13:36:38-07:00,0,0
global.js,136,js,4d314ce9,kylechoi101,2025-04-25,13:36:38,-07:00,2025-04-25T13:36:38-07:00,0,27
global.js,137,js,4d314ce9,kylechoi101,2025-04-25,13:36:38,-07:00,2025-04-25T13:36:38-07:00,0,31
global.js,138,js,9164622f,kylechoi101,2025-04-25,14:19:24,-07:00,2025-04-25T14:19:24-07:00,0,0
global.js,139,js,4d314ce9,kylechoi101,2025-04-25,13:36:38,-07:00,2025-04-25T13:36:38-07:00,0,37
global.js,140,js,4d314ce9,kylechoi101,2025-04-25,13:36:38,-07:00,2025-04-25T13:36:38-07:00,0,79
global.js,141,js,4d314ce9,kylechoi101,2025-04-25,13:36:38,-07:00,2025-04-25T13:36:38-07:00,0,0
global.js,142,js,4d314ce9,kylechoi101,2025-04-25,13:36:38,-07:00,2025-04-25T13:36:38-07:00,0,37
global.js,143,js,4d314ce9,kylechoi101,2025-04-25,13:36:38,-07:00,2025-04-25T13:36:38-07:00,0,32
global.js,144,js,42cad1f1,kylechoi101,2025-04-25,16:22:56,-07:00,2025-04-25T16:22:56-07:00,0,55
global.js,145,js,4d314ce9,kylechoi101,2025-04-25,13:36:38,-07:00,2025-04-25T13:36:38-07:00,0,49
global.js,146,js,42cad1f1,kylechoi101,2025-04-25,16:22:56,-07:00,2025-04-25T16:22:56-07:00,0,40
global.js,147,js,42cad1f1,kylechoi101,2025-04-25,16:22:56,-07:00,2025-04-25T16:22:56-07:00,0,8
global.js,148,js,42cad1f1,kylechoi101,2025-04-25,16:22:56,-07:00,2025-04-25T16:22:56-07:00,0,26
global.js,149,js,4d314ce9,kylechoi101,2025-04-25,13:36:38,-07:00,2025-04-25T13:36:38-07:00,0,20
global.js,150,js,4d314ce9,kylechoi101,2025-04-25,13:36:38,-07:00,2025-04-25T13:36:38-07:00,0,46
global.js,151,js,143fdbb5,kylechoi101,2025-05-01,13:44:15,-07:00,2025-05-01T13:44:15-07:00,0,56
global.js,152,js,143fdbb5,kylechoi101,2025-05-01,13:44:15,-07:00,2025-05-01T13:44:15-07:00,0,28
global.js,153,js,143fdbb5,kylechoi101,2025-05-01,13:44:15,-07:00,2025-05-01T13:44:15-07:00,0,62
global.js,154,js,143fdbb5,kylechoi101,2025-05-01,13:44:15,-07:00,2025-05-01T13:44:15-07:00,0,48
global.js,155,js,143fdbb5,kylechoi101,2025-05-01,13:44:15,-07:00,2025-05-01T13:44:15-07:00,0,5
global.js,156,js,4d314ce9,kylechoi101,2025-04-25,13:36:38,-07:00,2025-04-25T13:36:38-07:00,0,1
global.js,157,js,4d314ce9,kylechoi101,2025-04-25,13:36:38,-07:00,2025-04-25T13:36:38-07:00,0,37
global.js,158,js,4d314ce9,kylechoi101,2025-04-25,13:36:38,-07:00,2025-04-25T13:36:38-07:00,0,0
global.js,159,js,4d314ce9,kylechoi101,2025-04-25,13:36:38,-07:00,2025-04-25T13:36:38-07:00,0,0
global.js,160,js,143fdbb5,kylechoi101,2025-05-01,13:44:15,-07:00,2025-05-01T13:44:15-07:00,0,31
global.js,161,js,4d314ce9,kylechoi101,2025-04-25,13:36:38,-07:00,2025-04-25T13:36:38-07:00,0,27
global.js,162,js,4d314ce9,kylechoi101,2025-04-25,13:36:38,-07:00,2025-04-25T13:36:38-07:00,0,56
global.js,163,js,4d314ce9,kylechoi101,2025-04-25,13:36:38,-07:00,2025-04-25T13:36:38-07:00,0,0
global.js,164,js,4d314ce9,kylechoi101,2025-04-25,13:36:38,-07:00,2025-04-25T13:36:38-07:00,0,0
global.js,165,js,143fdbb5,kylechoi101,2025-05-01,13:44:15,-07:00,2025-05-01T13:44:15-07:00,0,0
global.js,166,js,b06250ca,kylechoi101,2025-04-25,15:06:04,-07:00,2025-04-25T15:06:04-07:00,0,14
global.js,167,js,b06250ca,kylechoi101,2025-04-25,15:06:04,-07:00,2025-04-25T15:06:04-07:00,0,43
global.js,168,js,b06250ca,kylechoi101,2025-04-25,15:06:04,-07:00,2025-04-25T15:06:04-07:00,0,28
global.js,169,js,b06250ca,kylechoi101,2025-04-25,15:06:04,-07:00,2025-04-25T15:06:04-07:00,0,44
global.js,170,js,b06250ca,kylechoi101,2025-04-25,15:06:04,-07:00,2025-04-25T15:06:04-07:00,0,17
global.js,171,js,b06250ca,kylechoi101,2025-04-25,15:06:04,-07:00,2025-04-25T15:06:04-07:00,0,0
global.js,172,js,b06250ca,kylechoi101,2025-04-25,15:06:04,-07:00,2025-04-25T15:06:04-07:00,0,48
global.js,173,js,b06250ca,kylechoi101,2025-04-25,15:06:04,-07:00,2025-04-25T15:06:04-07:00,0,60
global.js,174,js,b06250ca,kylechoi101,2025-04-25,15:06:04,-07:00,2025-04-25T15:06:04-07:00,0,0
global.js,175,js,3926ad3f,kylechoi101,2025-04-25,15:10:39,-07:00,2025-04-25T15:10:39-07:00,0,0
resume/index.html,1,html,c9c37322,kylechoi101,2025-04-04,15:07:01,-07:00,2025-04-04T15:07:01-07:00,0,14
resume/index.html,2,html,c9c37322,kylechoi101,2025-04-04,15:07:01,-07:00,2025-04-04T15:07:01-07:00,0,15
resume/index.html,3,html,c9c37322,kylechoi101,2025-04-04,15:07:01,-07:00,2025-04-04T15:07:01-07:00,0,5
resume/index.html,4,html,c9c37322,kylechoi101,2025-04-04,15:07:01,-07:00,2025-04-04T15:07:01-07:00,0,21
resume/index.html,5,html,c9c37322,kylechoi101,2025-04-04,15:07:01,-07:00,2025-04-04T15:07:01-07:00,0,69
resume/index.html,6,html,c9c37322,kylechoi101,2025-04-04,15:07:01,-07:00,2025-04-04T15:07:01-07:00,0,22
resume/index.html,7,html,840b91ee,kylechoi101,2025-04-18,14:53:57,-07:00,2025-04-18T14:53:57-07:00,0,42
resume/index.html,8,html,840b91ee,kylechoi101,2025-04-18,14:53:57,-07:00,2025-04-18T14:53:57-07:00,0,49
resume/index.html,9,html,c9c37322,kylechoi101,2025-04-04,15:07:01,-07:00,2025-04-04T15:07:01-07:00,0,6
resume/index.html,10,html,c9c37322,kylechoi101,2025-04-04,15:07:01,-07:00,2025-04-04T15:07:01-07:00,0,5
resume/index.html,11,html,c9c37322,kylechoi101,2025-04-04,15:07:01,-07:00,2025-04-04T15:07:01-07:00,0,14
resume/index.html,12,html,c9c37322,kylechoi101,2025-04-04,15:07:01,-07:00,2025-04-04T15:07:01-07:00,0,8
resume/index.html,13,html,c9c37322,kylechoi101,2025-04-04,15:07:01,-07:00,2025-04-04T15:07:01-07:00,0,15
resume/index.html,14,html,c9c37322,kylechoi101,2025-04-04,15:07:01,-07:00,2025-04-04T15:07:01-07:00,0,2
resume/index.html,15,html,c7576035,kylechoi101,2025-04-25,16:05:22,-07:00,2025-04-25T16:05:22-07:00,0,117
resume/index.html,16,html,c7576035,kylechoi101,2025-04-25,16:05:22,-07:00,2025-04-25T16:05:22-07:00,0,116
resume/index.html,17,html,c7576035,kylechoi101,2025-04-25,16:05:22,-07:00,2025-04-25T16:05:22-07:00,0,148
resume/index.html,18,html,c7576035,kylechoi101,2025-04-25,16:05:22,-07:00,2025-04-25T16:05:22-07:00,0,154
resume/index.html,19,html,c9c37322,kylechoi101,2025-04-04,15:07:01,-07:00,2025-04-04T15:07:01-07:00,0,3
resume/index.html,20,html,c9c37322,kylechoi101,2025-04-04,15:07:01,-07:00,2025-04-04T15:07:01-07:00,0,9
resume/index.html,21,html,c9c37322,kylechoi101,2025-04-04,15:07:01,-07:00,2025-04-04T15:07:01-07:00,0,4
resume/index.html,22,html,c9c37322,kylechoi101,2025-04-04,15:07:01,-07:00,2025-04-04T15:07:01-07:00,0,86
resume/index.html,23,html,c9c37322,kylechoi101,2025-04-04,15:07:01,-07:00,2025-04-04T15:07:01-07:00,0,5
resume/index.html,24,html,c9c37322,kylechoi101,2025-04-04,15:07:01,-07:00,2025-04-04T15:07:01-07:00,0,0
resume/index.html,25,html,c9c37322,kylechoi101,2025-04-04,15:07:01,-07:00,2025-04-04T15:07:01-07:00,0,0
resume/index.html,26,html,c9c37322,kylechoi101,2025-04-04,15:07:01,-07:00,2025-04-04T15:07:01-07:00,0,26
resume/index.html,27,html,c9c37322,kylechoi101,2025-04-04,15:07:01,-07:00,2025-04-04T15:07:01-07:00,0,17
resume/index.html,28,html,c9c37322,kylechoi101,2025-04-04,15:07:01,-07:00,2025-04-04T15:07:01-07:00,0,23
resume/index.html,29,html,c9c37322,kylechoi101,2025-04-04,15:07:01,-07:00,2025-04-04T15:07:01-07:00,0,42
resume/index.html,30,html,c9c37322,kylechoi101,2025-04-04,15:07:01,-07:00,2025-04-04T15:07:01-07:00,0,2
resume/index.html,31,html,c9c37322,kylechoi101,2025-04-04,15:07:01,-07:00,2025-04-04T15:07:01-07:00,0,42
resume/index.html,32,html,c9c37322,kylechoi101,2025-04-04,15:07:01,-07:00,2025-04-04T15:07:01-07:00,0,65
resume/index.html,33,html,c9c37322,kylechoi101,2025-04-04,15:07:01,-07:00,2025-04-04T15:07:01-07:00,0,67
resume/index.html,34,html,c9c37322,kylechoi101,2025-04-04,15:07:01,-07:00,2025-04-04T15:07:01-07:00,0,160
resume/index.html,35,html,c9c37322,kylechoi101,2025-04-04,15:07:01,-07:00,2025-04-04T15:07:01-07:00,0,3
resume/index.html,36,html,c9c37322,kylechoi101,2025-04-04,15:07:01,-07:00,2025-04-04T15:07:01-07:00,0,9
resume/index.html,37,html,c9c37322,kylechoi101,2025-04-04,15:07:01,-07:00,2025-04-04T15:07:01-07:00,0,9
resume/index.html,38,html,c9c37322,kylechoi101,2025-04-04,15:07:01,-07:00,2025-04-04T15:07:01-07:00,0,0
resume/index.html,39,html,c9c37322,kylechoi101,2025-04-04,15:07:01,-07:00,2025-04-04T15:07:01-07:00,0,27
resume/index.html,40,html,c9c37322,kylechoi101,2025-04-04,15:07:01,-07:00,2025-04-04T15:07:01-07:00,0,18
resume/index.html,41,html,c9c37322,kylechoi101,2025-04-04,15:07:01,-07:00,2025-04-04T15:07:01-07:00,0,27
resume/index.html,42,html,c9c37322,kylechoi101,2025-04-04,15:07:01,-07:00,2025-04-04T15:07:01-07:00,0,44
resume/index.html,43,html,c9c37322,kylechoi101,2025-04-04,15:07:01,-07:00,2025-04-04T15:07:01-07:00,0,2
resume/index.html,44,html,c9c37322,kylechoi101,2025-04-04,15:07:01,-07:00,2025-04-04T15:07:01-07:00,0,88
resume/index.html,45,html,c9c37322,kylechoi101,2025-04-04,15:07:01,-07:00,2025-04-04T15:07:01-07:00,0,110
resume/index.html,46,html,c9c37322,kylechoi101,2025-04-04,15:07:01,-07:00,2025-04-04T15:07:01-07:00,0,3
resume/index.html,47,html,c9c37322,kylechoi101,2025-04-04,15:07:01,-07:00,2025-04-04T15:07:01-07:00,0,9
resume/index.html,48,html,c9c37322,kylechoi101,2025-04-04,15:07:01,-07:00,2025-04-04T15:07:01-07:00,0,27
resume/index.html,49,html,c9c37322,kylechoi101,2025-04-04,15:07:01,-07:00,2025-04-04T15:07:01-07:00,0,40
resume/index.html,50,html,c9c37322,kylechoi101,2025-04-04,15:07:01,-07:00,2025-04-04T15:07:01-07:00,0,2
resume/index.html,51,html,c9c37322,kylechoi101,2025-04-04,15:07:01,-07:00,2025-04-04T15:07:01-07:00,0,88
resume/index.html,52,html,c9c37322,kylechoi101,2025-04-04,15:07:01,-07:00,2025-04-04T15:07:01-07:00,0,170
resume/index.html,53,html,c9c37322,kylechoi101,2025-04-04,15:07:01,-07:00,2025-04-04T15:07:01-07:00,0,3
resume/index.html,54,html,c9c37322,kylechoi101,2025-04-04,15:07:01,-07:00,2025-04-04T15:07:01-07:00,0,9
resume/index.html,55,html,c9c37322,kylechoi101,2025-04-04,15:07:01,-07:00,2025-04-04T15:07:01-07:00,0,9
resume/index.html,56,html,c9c37322,kylechoi101,2025-04-04,15:07:01,-07:00,2025-04-04T15:07:01-07:00,0,0
resume/index.html,57,html,c9c37322,kylechoi101,2025-04-04,15:07:01,-07:00,2025-04-04T15:07:01-07:00,0,36
resume/index.html,58,html,c9c37322,kylechoi101,2025-04-04,15:07:01,-07:00,2025-04-04T15:07:01-07:00,0,33
resume/index.html,59,html,c9c37322,kylechoi101,2025-04-04,15:07:01,-07:00,2025-04-04T15:07:01-07:00,0,23
resume/index.html,60,html,c9c37322,kylechoi101,2025-04-04,15:07:01,-07:00,2025-04-04T15:07:01-07:00,0,70
resume/index.html,61,html,c9c37322,kylechoi101,2025-04-04,15:07:01,-07:00,2025-04-04T15:07:01-07:00,0,2
resume/index.html,62,html,c9c37322,kylechoi101,2025-04-04,15:07:01,-07:00,2025-04-04T15:07:01-07:00,0,67
resume/index.html,63,html,c9c37322,kylechoi101,2025-04-04,15:07:01,-07:00,2025-04-04T15:07:01-07:00,0,3
resume/index.html,64,html,2e25c36c,kylechoi101,2025-04-25,16:04:12,-07:00,2025-04-25T16:04:12-07:00,0,90
resume/index.html,65,html,c9c37322,kylechoi101,2025-04-04,15:07:01,-07:00,2025-04-04T15:07:01-07:00,0,9
resume/index.html,66,html,c9c37322,kylechoi101,2025-04-04,15:07:01,-07:00,2025-04-04T15:07:01-07:00,0,29
resume/index.html,67,html,c9c37322,kylechoi101,2025-04-04,15:07:01,-07:00,2025-04-04T15:07:01-07:00,0,47
resume/index.html,68,html,c9c37322,kylechoi101,2025-04-04,15:07:01,-07:00,2025-04-04T15:07:01-07:00,0,2
resume/index.html,69,html,c9c37322,kylechoi101,2025-04-04,15:07:01,-07:00,2025-04-04T15:07:01-07:00,0,81
resume/index.html,70,html,c9c37322,kylechoi101,2025-04-04,15:07:01,-07:00,2025-04-04T15:07:01-07:00,0,3
resume/index.html,71,html,c9c37322,kylechoi101,2025-04-04,15:07:01,-07:00,2025-04-04T15:07:01-07:00,0,9
resume/index.html,72,html,c9c37322,kylechoi101,2025-04-04,15:07:01,-07:00,2025-04-04T15:07:01-07:00,0,9
resume/index.html,73,html,c9c37322,kylechoi101,2025-04-04,15:07:01,-07:00,2025-04-04T15:07:01-07:00,0,6
resume/index.html,74,html,c9c37322,kylechoi101,2025-04-04,15:07:01,-07:00,2025-04-04T15:07:01-07:00,0,6
projects/projects.js,1,js,f8d3d21d,kylechoi101,2025-05-01,17:50:37,-07:00,2025-05-01T17:50:37-07:00,0,64
projects/projects.js,2,js,4d314ce9,kylechoi101,2025-04-25,13:36:38,-07:00,2025-04-25T13:36:38-07:00,0,56
projects/projects.js,3,js,f8d3d21d,kylechoi101,2025-05-01,17:50:37,-07:00,2025-05-01T17:50:37-07:00,0,0
projects/projects.js,4,js,34568474,kylechoi101,2025-05-01,21:18:16,-07:00,2025-05-01T21:18:16-07:00,0,65
projects/projects.js,5,js,4d314ce9,kylechoi101,2025-04-25,13:36:38,-07:00,2025-04-25T13:36:38-07:00,0,61
projects/projects.js,6,js,34568474,kylechoi101,2025-05-01,21:18:16,-07:00,2025-05-01T21:18:16-07:00,0,67
projects/projects.js,7,js,34568474,kylechoi101,2025-05-01,21:18:16,-07:00,2025-05-01T21:18:16-07:00,0,62
projects/projects.js,8,js,34568474,kylechoi101,2025-05-01,21:18:16,-07:00,2025-05-01T21:18:16-07:00,0,0
projects/projects.js,9,js,84a20c5f,kylechoi101,2025-05-01,21:22:57,-07:00,2025-05-01T21:22:57-07:00,0,0
projects/projects.js,10,js,34568474,kylechoi101,2025-05-01,21:18:16,-07:00,2025-05-01T21:18:16-07:00,0,0
projects/projects.js,11,js,34568474,kylechoi101,2025-05-01,21:18:16,-07:00,2025-05-01T21:18:16-07:00,0,56
projects/projects.js,12,js,34568474,kylechoi101,2025-05-01,21:18:16,-07:00,2025-05-01T21:18:16-07:00,0,23
projects/projects.js,13,js,34568474,kylechoi101,2025-05-01,21:18:16,-07:00,2025-05-01T21:18:16-07:00,0,21
projects/projects.js,14,js,34568474,kylechoi101,2025-05-01,21:18:16,-07:00,2025-05-01T21:18:16-07:00,0,0
projects/projects.js,15,js,34568474,kylechoi101,2025-05-01,21:18:16,-07:00,2025-05-01T21:18:16-07:00,0,59
projects/projects.js,16,js,34568474,kylechoi101,2025-05-01,21:18:16,-07:00,2025-05-01T21:18:16-07:00,0,75
projects/projects.js,17,js,34568474,kylechoi101,2025-05-01,21:18:16,-07:00,2025-05-01T21:18:16-07:00,0,0
projects/projects.js,18,js,34568474,kylechoi101,2025-05-01,21:18:16,-07:00,2025-05-01T21:18:16-07:00,0,28
projects/projects.js,19,js,34568474,kylechoi101,2025-05-01,21:18:16,-07:00,2025-05-01T21:18:16-07:00,0,24
projects/projects.js,20,js,34568474,kylechoi101,2025-05-01,21:18:16,-07:00,2025-05-01T21:18:16-07:00,0,23
projects/projects.js,21,js,34568474,kylechoi101,2025-05-01,21:18:16,-07:00,2025-05-01T21:18:16-07:00,0,0
projects/projects.js,22,js,34568474,kylechoi101,2025-05-01,21:18:16,-07:00,2025-05-01T21:18:16-07:00,0,16
projects/projects.js,23,js,34568474,kylechoi101,2025-05-01,21:18:16,-07:00,2025-05-01T21:18:16-07:00,0,18
projects/projects.js,24,js,34568474,kylechoi101,2025-05-01,21:18:16,-07:00,2025-05-01T21:18:16-07:00,0,56
projects/projects.js,25,js,34568474,kylechoi101,2025-05-01,21:18:16,-07:00,2025-05-01T21:18:16-07:00,0,0
projects/projects.js,26,js,34568474,kylechoi101,2025-05-01,21:18:16,-07:00,2025-05-01T21:18:16-07:00,0,0
projects/projects.js,27,js,34568474,kylechoi101,2025-05-01,21:18:16,-07:00,2025-05-01T21:18:16-07:00,0,16
projects/projects.js,28,js,34568474,kylechoi101,2025-05-01,21:18:16,-07:00,2025-05-01T21:18:16-07:00,0,11
projects/projects.js,29,js,34568474,kylechoi101,2025-05-01,21:18:16,-07:00,2025-05-01T21:18:16-07:00,0,29
projects/projects.js,30,js,34568474,kylechoi101,2025-05-01,21:18:16,-07:00,2025-05-01T21:18:16-07:00,0,30
projects/projects.js,31,js,34568474,kylechoi101,2025-05-01,21:18:16,-07:00,2025-05-01T21:18:16-07:00,0,51
projects/projects.js,32,js,34568474,kylechoi101,2025-05-01,21:18:16,-07:00,2025-05-01T21:18:16-07:00,0,1
projects/projects.js,33,js,34568474,kylechoi101,2025-05-01,21:18:16,-07:00,2025-05-01T21:18:16-07:00,0,0
projects/projects.js,34,js,34568474,kylechoi101,2025-05-01,21:18:16,-07:00,2025-05-01T21:18:16-07:00,0,0
projects/projects.js,35,js,34568474,kylechoi101,2025-05-01,21:18:16,-07:00,2025-05-01T21:18:16-07:00,0,49
projects/projects.js,36,js,84a20c5f,kylechoi101,2025-05-01,21:22:57,-07:00,2025-05-01T21:22:57-07:00,0,64
projects/projects.js,37,js,9164622f,kylechoi101,2025-04-25,14:19:24,-07:00,2025-04-25T14:19:24-07:00,0,0
projects/projects.js,38,js,34568474,kylechoi101,2025-05-01,21:18:16,-07:00,2025-05-01T21:18:16-07:00,0,0
projects/projects.js,39,js,34568474,kylechoi101,2025-05-01,21:18:16,-07:00,2025-05-01T21:18:16-07:00,0,70
projects/projects.js,40,js,f8d3d21d,kylechoi101,2025-05-01,17:50:37,-07:00,2025-05-01T17:50:37-07:00,0,39
projects/projects.js,41,js,34568474,kylechoi101,2025-05-01,21:18:16,-07:00,2025-05-01T21:18:16-07:00,0,31
projects/projects.js,42,js,34568474,kylechoi101,2025-05-01,21:18:16,-07:00,2025-05-01T21:18:16-07:00,0,35
projects/projects.js,43,js,34568474,kylechoi101,2025-05-01,21:18:16,-07:00,2025-05-01T21:18:16-07:00,0,27
projects/projects.js,44,js,34568474,kylechoi101,2025-05-01,21:18:16,-07:00,2025-05-01T21:18:16-07:00,0,30
projects/projects.js,45,js,f8d3d21d,kylechoi101,2025-05-01,17:50:37,-07:00,2025-05-01T17:50:37-07:00,0,0
projects/projects.js,46,js,34568474,kylechoi101,2025-05-01,21:18:16,-07:00,2025-05-01T21:18:16-07:00,0,24
projects/projects.js,47,js,34568474,kylechoi101,2025-05-01,21:18:16,-07:00,2025-05-01T21:18:16-07:00,0,25
projects/projects.js,48,js,f8d3d21d,kylechoi101,2025-05-01,17:50:37,-07:00,2025-05-01T17:50:37-07:00,0,13
projects/projects.js,49,js,f8d3d21d,kylechoi101,2025-05-01,17:50:37,-07:00,2025-05-01T17:50:37-07:00,0,13
projects/projects.js,50,js,f8d3d21d,kylechoi101,2025-05-01,17:50:37,-07:00,2025-05-01T17:50:37-07:00,0,10
projects/projects.js,51,js,f8d3d21d,kylechoi101,2025-05-01,17:50:37,-07:00,2025-05-01T17:50:37-07:00,0,1
projects/projects.js,52,js,34568474,kylechoi101,2025-05-01,21:18:16,-07:00,2025-05-01T21:18:16-07:00,0,71
projects/projects.js,53,js,34568474,kylechoi101,2025-05-01,21:18:16,-07:00,2025-05-01T21:18:16-07:00,0,0
projects/projects.js,54,js,34568474,kylechoi101,2025-05-01,21:18:16,-07:00,2025-05-01T21:18:16-07:00,0,54
projects/projects.js,55,js,34568474,kylechoi101,2025-05-01,21:18:16,-07:00,2025-05-01T21:18:16-07:00,0,24
projects/projects.js,56,js,34568474,kylechoi101,2025-05-01,21:18:16,-07:00,2025-05-01T21:18:16-07:00,0,54
projects/projects.js,57,js,34568474,kylechoi101,2025-05-01,21:18:16,-07:00,2025-05-01T21:18:16-07:00,0,0
projects/projects.js,58,js,34568474,kylechoi101,2025-05-01,21:18:16,-07:00,2025-05-01T21:18:16-07:00,0,17
projects/projects.js,59,js,34568474,kylechoi101,2025-05-01,21:18:16,-07:00,2025-05-01T21:18:16-07:00,0,20
projects/projects.js,60,js,34568474,kylechoi101,2025-05-01,21:18:16,-07:00,2025-05-01T21:18:16-07:00,0,10
projects/projects.js,61,js,34568474,kylechoi101,2025-05-01,21:18:16,-07:00,2025-05-01T21:18:16-07:00,0,7
projects/projects.js,62,js,34568474,kylechoi101,2025-05-01,21:18:16,-07:00,2025-05-01T21:18:16-07:00,0,14
projects/projects.js,63,js,34568474,kylechoi101,2025-05-01,21:18:16,-07:00,2025-05-01T21:18:16-07:00,0,17
projects/projects.js,64,js,34568474,kylechoi101,2025-05-01,21:18:16,-07:00,2025-05-01T21:18:16-07:00,0,17
projects/projects.js,65,js,34568474,kylechoi101,2025-05-01,21:18:16,-07:00,2025-05-01T21:18:16-07:00,0,28
projects/projects.js,66,js,34568474,kylechoi101,2025-05-01,21:18:16,-07:00,2025-05-01T21:18:16-07:00,0,19
projects/projects.js,67,js,34568474,kylechoi101,2025-05-01,21:18:16,-07:00,2025-05-01T21:18:16-07:00,0,21
projects/projects.js,68,js,34568474,kylechoi101,2025-05-01,21:18:16,-07:00,2025-05-01T21:18:16-07:00,0,0
projects/projects.js,69,js,f8d3d21d,kylechoi101,2025-05-01,17:50:37,-07:00,2025-05-01T17:50:37-07:00,0,26
projects/projects.js,70,js,34568474,kylechoi101,2025-05-01,21:18:16,-07:00,2025-05-01T21:18:16-07:00,0,27
projects/projects.js,71,js,34568474,kylechoi101,2025-05-01,21:18:16,-07:00,2025-05-01T21:18:16-07:00,0,8
projects/projects.js,72,js,34568474,kylechoi101,2025-05-01,21:18:16,-07:00,2025-05-01T21:18:16-07:00,0,68
projects/projects.js,73,js,34568474,kylechoi101,2025-05-01,21:18:16,-07:00,2025-05-01T21:18:16-07:00,0,14
projects/projects.js,74,js,f8d3d21d,kylechoi101,2025-05-01,17:50:37,-07:00,2025-05-01T17:50:37-07:00,0,0
projects/projects.js,75,js,34568474,kylechoi101,2025-05-01,21:18:16,-07:00,2025-05-01T21:18:16-07:00,0,25
projects/projects.js,76,js,f8d3d21d,kylechoi101,2025-05-01,17:50:37,-07:00,2025-05-01T17:50:37-07:00,0,20
projects/projects.js,77,js,34568474,kylechoi101,2025-05-01,21:18:16,-07:00,2025-05-01T21:18:16-07:00,0,18
projects/projects.js,78,js,34568474,kylechoi101,2025-05-01,21:18:16,-07:00,2025-05-01T21:18:16-07:00,0,29
projects/projects.js,79,js,34568474,kylechoi101,2025-05-01,21:18:16,-07:00,2025-05-01T21:18:16-07:00,0,19
projects/projects.js,80,js,34568474,kylechoi101,2025-05-01,21:18:16,-07:00,2025-05-01T21:18:16-07:00,0,22
projects/projects.js,81,js,34568474,kylechoi101,2025-05-01,21:18:16,-07:00,2025-05-01T21:18:16-07:00,0,1
projects/projects.js,82,js,34568474,kylechoi101,2025-05-01,21:18:16,-07:00,2025-05-01T21:18:16-07:00,0,21
projects/projects.js,83,js,34568474,kylechoi101,2025-05-01,21:18:16,-07:00,2025-05-01T21:18:16-07:00,0,67
projects/projects.js,84,js,f8d3d21d,kylechoi101,2025-05-01,17:50:37,-07:00,2025-05-01T17:50:37-07:00,0,2
projects/projects.js,85,js,f8d3d21d,kylechoi101,2025-05-01,17:50:37,-07:00,2025-05-01T17:50:37-07:00,0,0
projects/projects.js,86,js,34568474,kylechoi101,2025-05-01,21:18:16,-07:00,2025-05-01T21:18:16-07:00,0,17
projects/projects.js,87,js,34568474,kylechoi101,2025-05-01,21:18:16,-07:00,2025-05-01T21:18:16-07:00,0,21
projects/projects.js,88,js,34568474,kylechoi101,2025-05-01,21:18:16,-07:00,2025-05-01T21:18:16-07:00,0,10
projects/projects.js,89,js,34568474,kylechoi101,2025-05-01,21:18:16,-07:00,2025-05-01T21:18:16-07:00,0,7
projects/projects.js,90,js,34568474,kylechoi101,2025-05-01,21:18:16,-07:00,2025-05-01T21:18:16-07:00,0,12
projects/projects.js,91,js,34568474,kylechoi101,2025-05-01,21:18:16,-07:00,2025-05-01T21:18:16-07:00,0,48
projects/projects.js,92,js,34568474,kylechoi101,2025-05-01,21:18:16,-07:00,2025-05-01T21:18:16-07:00,0,64
projects/projects.js,93,js,34568474,kylechoi101,2025-05-01,21:18:16,-07:00,2025-05-01T21:18:16-07:00,0,74
projects/projects.js,94,js,34568474,kylechoi101,2025-05-01,21:18:16,-07:00,2025-05-01T21:18:16-07:00,0,27
projects/projects.js,95,js,34568474,kylechoi101,2025-05-01,21:18:16,-07:00,2025-05-01T21:18:16-07:00,0,58
projects/projects.js,96,js,34568474,kylechoi101,2025-05-01,21:18:16,-07:00,2025-05-01T21:18:16-07:00,0,14
projects/projects.js,97,js,f8d3d21d,kylechoi101,2025-05-01,17:50:37,-07:00,2025-05-01T17:50:37-07:00,0,0
projects/projects.js,98,js,f8d3d21d,kylechoi101,2025-05-01,17:50:37,-07:00,2025-05-01T17:50:37-07:00,0,20
projects/projects.js,99,js,34568474,kylechoi101,2025-05-01,21:18:16,-07:00,2025-05-01T21:18:16-07:00,0,18
projects/projects.js,100,js,34568474,kylechoi101,2025-05-01,21:18:16,-07:00,2025-05-01T21:18:16-07:00,0,29
projects/projects.js,101,js,34568474,kylechoi101,2025-05-01,21:18:16,-07:00,2025-05-01T21:18:16-07:00,0,19
projects/projects.js,102,js,34568474,kylechoi101,2025-05-01,21:18:16,-07:00,2025-05-01T21:18:16-07:00,0,22
projects/projects.js,103,js,34568474,kylechoi101,2025-05-01,21:18:16,-07:00,2025-05-01T21:18:16-07:00,0,1
projects/projects.js,104,js,34568474,kylechoi101,2025-05-01,21:18:16,-07:00,2025-05-01T21:18:16-07:00,0,21
projects/projects.js,105,js,34568474,kylechoi101,2025-05-01,21:18:16,-07:00,2025-05-01T21:18:16-07:00,0,67
projects/projects.js,106,js,f8d3d21d,kylechoi101,2025-05-01,17:50:37,-07:00,2025-05-01T17:50:37-07:00,0,2
projects/projects.js,107,js,f8d3d21d,kylechoi101,2025-05-01,17:50:37,-07:00,2025-05-01T17:50:37-07:00,0,0
projects/projects.js,108,js,f8d3d21d,kylechoi101,2025-05-01,17:50:37,-07:00,2025-05-01T17:50:37-07:00,0,0
projects/projects.js,109,js,34568474,kylechoi101,2025-05-01,21:18:16,-07:00,2025-05-01T21:18:16-07:00,0,58
projects/projects.js,110,js,34568474,kylechoi101,2025-05-01,21:18:16,-07:00,2025-05-01T21:18:16-07:00,0,45
projects/projects.js,111,js,34568474,kylechoi101,2025-05-01,21:18:16,-07:00,2025-05-01T21:18:16-07:00,0,22
projects/projects.js,112,js,34568474,kylechoi101,2025-05-01,21:18:16,-07:00,2025-05-01T21:18:16-07:00,0,14
projects/projects.js,113,js,f8d3d21d,kylechoi101,2025-05-01,17:50:37,-07:00,2025-05-01T17:50:37-07:00,0,2
projects/projects.js,114,js,9164622f,kylechoi101,2025-04-25,14:19:24,-07:00,2025-04-25T14:19:24-07:00,0,0
projects/projects.js,115,js,34568474,kylechoi101,2025-05-01,21:18:16,-07:00,2025-05-01T21:18:16-07:00,0,14
projects/projects.js,116,js,34568474,kylechoi101,2025-05-01,21:18:16,-07:00,2025-05-01T21:18:16-07:00,0,14
projects/projects.js,117,js,f8d3d21d,kylechoi101,2025-05-01,17:50:37,-07:00,2025-05-01T17:50:37-07:00,0,24
projects/index.html,1,html,b38968b3,kylechoi101,2025-04-02,16:23:03,-07:00,2025-04-02T16:23:03-07:00,0,14
projects/index.html,2,html,b38968b3,kylechoi101,2025-04-02,16:23:03,-07:00,2025-04-02T16:23:03-07:00,0,15
projects/index.html,3,html,b38968b3,kylechoi101,2025-04-02,16:23:03,-07:00,2025-04-02T16:23:03-07:00,0,5
projects/index.html,4,html,b38968b3,kylechoi101,2025-04-02,16:23:03,-07:00,2025-04-02T16:23:03-07:00,0,21
projects/index.html,5,html,b38968b3,kylechoi101,2025-04-02,16:23:03,-07:00,2025-04-02T16:23:03-07:00,0,69
projects/index.html,6,html,b38968b3,kylechoi101,2025-04-02,16:23:03,-07:00,2025-04-02T16:23:03-07:00,0,22
projects/index.html,7,html,840b91ee,kylechoi101,2025-04-18,14:53:57,-07:00,2025-04-18T14:53:57-07:00,0,42
projects/index.html,8,html,840b91ee,kylechoi101,2025-04-18,14:53:57,-07:00,2025-04-18T14:53:57-07:00,0,49
projects/index.html,9,html,4d314ce9,kylechoi101,2025-04-25,13:36:38,-07:00,2025-04-25T13:36:38-07:00,0,48
projects/index.html,10,html,b38968b3,kylechoi101,2025-04-02,16:23:03,-07:00,2025-04-02T16:23:03-07:00,0,6
projects/index.html,11,html,b38968b3,kylechoi101,2025-04-02,16:23:03,-07:00,2025-04-02T16:23:03-07:00,0,5
projects/index.html,12,html,9164622f,kylechoi101,2025-04-25,14:19:24,-07:00,2025-04-25T14:19:24-07:00,0,42
projects/index.html,13,html,f8d3d21d,kylechoi101,2025-05-01,17:50:37,-07:00,2025-05-01T17:50:37-07:00,0,22
projects/index.html,14,html,f8d3d21d,kylechoi101,2025-05-01,17:50:37,-07:00,2025-05-01T17:50:37-07:00,0,50
projects/index.html,15,html,f8d3d21d,kylechoi101,2025-05-01,17:50:37,-07:00,2025-05-01T17:50:37-07:00,0,5
projects/index.html,16,html,f8d3d21d,kylechoi101,2025-05-01,17:50:37,-07:00,2025-05-01T17:50:37-07:00,0,23
projects/index.html,17,html,f8d3d21d,kylechoi101,2025-05-01,17:50:37,-07:00,2025-05-01T17:50:37-07:00,0,5
projects/index.html,18,html,f8d3d21d,kylechoi101,2025-05-01,17:50:37,-07:00,2025-05-01T17:50:37-07:00,0,23
projects/index.html,19,html,f8d3d21d,kylechoi101,2025-05-01,17:50:37,-07:00,2025-05-01T17:50:37-07:00,0,34
projects/index.html,20,html,f8d3d21d,kylechoi101,2025-05-01,17:50:37,-07:00,2025-05-01T17:50:37-07:00,0,86
projects/index.html,21,html,f8d3d21d,kylechoi101,2025-05-01,17:50:37,-07:00,2025-05-01T17:50:37-07:00,0,6
projects/index.html,22,html,f8d3d21d,kylechoi101,2025-05-01,17:50:37,-07:00,2025-05-01T17:50:37-07:00,0,0
projects/index.html,23,html,e21b0b4d,kylechoi101,2025-04-10,19:59:36,-07:00,2025-04-10T19:59:36-07:00,0,21
projects/index.html,24,html,e21b0b4d,kylechoi101,2025-04-10,19:59:36,-07:00,2025-04-10T19:59:36-07:00,0,5
projects/index.html,25,html,f8d3d21d,kylechoi101,2025-05-01,17:50:37,-07:00,2025-05-01T17:50:37-07:00,0,0
projects/index.html,26,html,e21b0b4d,kylechoi101,2025-04-10,19:59:36,-07:00,2025-04-10T19:59:36-07:00,0,0
projects/index.html,27,html,b38968b3,kylechoi101,2025-04-02,16:23:03,-07:00,2025-04-02T16:23:03-07:00,0,6
projects/index.html,28,html,b38968b3,kylechoi101,2025-04-02,16:23:03,-07:00,2025-04-02T16:23:03-07:00,0,6
personal/index.html,1,html,758a689d,kylechoi101,2025-05-02,22:26:31,-07:00,2025-05-02T22:26:31-07:00,0,14
personal/index.html,2,html,758a689d,kylechoi101,2025-05-02,22:26:31,-07:00,2025-05-02T22:26:31-07:00,0,15
personal/index.html,3,html,758a689d,kylechoi101,2025-05-02,22:26:31,-07:00,2025-05-02T22:26:31-07:00,0,5
personal/index.html,4,html,758a689d,kylechoi101,2025-05-02,22:26:31,-07:00,2025-05-02T22:26:31-07:00,0,21
personal/index.html,5,html,758a689d,kylechoi101,2025-05-02,22:26:31,-07:00,2025-05-02T22:26:31-07:00,0,69
personal/index.html,6,html,758a689d,kylechoi101,2025-05-02,22:26:31,-07:00,2025-05-02T22:26:31-07:00,0,22
personal/index.html,7,html,758a689d,kylechoi101,2025-05-02,22:26:31,-07:00,2025-05-02T22:26:31-07:00,0,6
personal/index.html,8,html,758a689d,kylechoi101,2025-05-02,22:26:31,-07:00,2025-05-02T22:26:31-07:00,0,5
personal/index.html,9,html,758a689d,kylechoi101,2025-05-02,22:26:31,-07:00,2025-05-02T22:26:31-07:00,0,0
personal/index.html,10,html,758a689d,kylechoi101,2025-05-02,22:26:31,-07:00,2025-05-02T22:26:31-07:00,0,6
personal/index.html,11,html,758a689d,kylechoi101,2025-05-02,22:26:31,-07:00,2025-05-02T22:26:31-07:00,0,6
contact/index.html,1,html,b38968b3,kylechoi101,2025-04-02,16:23:03,-07:00,2025-04-02T16:23:03-07:00,0,14
contact/index.html,2,html,b38968b3,kylechoi101,2025-04-02,16:23:03,-07:00,2025-04-02T16:23:03-07:00,0,15
contact/index.html,3,html,b38968b3,kylechoi101,2025-04-02,16:23:03,-07:00,2025-04-02T16:23:03-07:00,0,5
contact/index.html,4,html,e695aa97,kylechoi101,2025-04-02,16:36:21,-07:00,2025-04-02T16:36:21-07:00,0,21
contact/index.html,5,html,e695aa97,kylechoi101,2025-04-02,16:36:21,-07:00,2025-04-02T16:36:21-07:00,0,69
contact/index.html,6,html,e695aa97,kylechoi101,2025-04-02,16:36:21,-07:00,2025-04-02T16:36:21-07:00,0,25
contact/index.html,7,html,840b91ee,kylechoi101,2025-04-18,14:53:57,-07:00,2025-04-18T14:53:57-07:00,0,42
contact/index.html,8,html,840b91ee,kylechoi101,2025-04-18,14:53:57,-07:00,2025-04-18T14:53:57-07:00,0,49
contact/index.html,9,html,b38968b3,kylechoi101,2025-04-02,16:23:03,-07:00,2025-04-02T16:23:03-07:00,0,6
contact/index.html,10,html,b38968b3,kylechoi101,2025-04-02,16:23:03,-07:00,2025-04-02T16:23:03-07:00,0,5
contact/index.html,11,html,e695aa97,kylechoi101,2025-04-02,16:36:21,-07:00,2025-04-02T16:36:21-07:00,0,19
contact/index.html,12,html,693234d8,kylechoi101,2025-04-10,18:58:33,-07:00,2025-04-10T18:58:33-07:00,0,24
contact/index.html,13,html,c3a64a7f,kylechoi101,2025-04-18,17:34:50,-07:00,2025-04-18T17:34:50-07:00,0,76
contact/index.html,14,html,e695aa97,kylechoi101,2025-04-02,16:36:21,-07:00,2025-04-02T16:36:21-07:00,0,6
contact/index.html,15,html,e695aa97,kylechoi101,2025-04-02,16:36:21,-07:00,2025-04-02T16:36:21-07:00,0,7
contact/index.html,16,html,e695aa97,kylechoi101,2025-04-02,16:36:21,-07:00,2025-04-02T16:36:21-07:00,0,21
contact/index.html,17,html,e695aa97,kylechoi101,2025-04-02,16:36:21,-07:00,2025-04-02T16:36:21-07:00,0,7
contact/index.html,18,html,e695aa97,kylechoi101,2025-04-02,16:36:21,-07:00,2025-04-02T16:36:21-07:00,0,6
contact/index.html,19,html,e695aa97,kylechoi101,2025-04-02,16:36:21,-07:00,2025-04-02T16:36:21-07:00,0,4
contact/index.html,20,html,e695aa97,kylechoi101,2025-04-02,16:36:21,-07:00,2025-04-02T16:36:21-07:00,0,32
contact/index.html,21,html,e695aa97,kylechoi101,2025-04-02,16:36:21,-07:00,2025-04-02T16:36:21-07:00,0,7
contact/index.html,22,html,e695aa97,kylechoi101,2025-04-02,16:36:21,-07:00,2025-04-02T16:36:21-07:00,0,22
contact/index.html,23,html,c3a64a7f,kylechoi101,2025-04-18,17:34:50,-07:00,2025-04-18T17:34:50-07:00,0,6
contact/index.html,24,html,b38968b3,kylechoi101,2025-04-02,16:23:03,-07:00,2025-04-02T16:23:03-07:00,0,6
contact/index.html,25,html,e695aa97,kylechoi101,2025-04-02,16:36:21,-07:00,2025-04-02T16:36:21-07:00,0,6
